Workbook

Sheet 00_Обзор
A1: Стартовая схема проекта ToS/KAG v6.1
A2: Фундаментальные таблицы, governance-слой, traceable generation path и generated serving views
A4: Главный принцип | B4: Сначала маленькое устойчивое ядро таблиц, затем проекции и новые таблицы поверх него.
A5: Текущий режим | B5: Горизонтальная волна: широкое покрытие корпуса. Вертикальная волна: углубление плотных мест.
A6: Базовый пакет | B6: corpus_map, witnesses, segments, nodes, event_state_nodes, edges, translation_tensions
A7: Вторая волна | B7: witness_glosses, principles, predicates_registry, class_registry
A8: Serving-слой | B8: master_view, coverage_view и чистые actual-проекции генерируются из authoring tables
A9: Стоп-правило | B9: Новая таблица нужна только если она делает отдельную работу: provenance, слой утверждения, новый тип вопроса, снижение дублирования или governance.
A11: Таблица | B11: Слой | C11: Когда начинать | D11: Зачем нужна | E11: Начинать сразу? | F11: Когда спавнить дальше
A12: corpus_map | B12: фундаментальный | C12: сразу | D12: карта корпуса и стабильная адресация | E12: да | F12: если нужен адрес книги/главы/части/абзаца
A13: witnesses | B13: фундаментальный | C13: сразу | D13: кто говорит и в каком статусе | E13: да | F13: если есть 2+ witness-слоя или нужен provenance
A14: segments | B14: фундаментальный | C14: сразу | D14: общие локаторы и spine | E14: да | F14: если текст режется на обозримые единицы [n]
A15: nodes | B15: фундаментальный | C15: сразу | D15: устойчивые сущности, символы, понятия | E15: да | F15: если смысл должен переиспользоваться
A16: event_state_nodes | B16: фундаментальный | C16: сразу | D16: события и состояния, где тройка тесна | E16: да | F16: если есть длительность / множественные участники / условность
A17: edges | B17: фундаментальный | C17: сразу | D17: нормализованные связи | E17: да | F17: если есть хотя бы 1 нормализованный узел
A18: translation_tensions | B18: фундаментальный+ | C18: сразу, но скупо | D18: нагрузочные дрейфы между witness-слоями | E18: да | F18: только если дрейф философски значим
A19: witness_glosses | B19: вторая волна | C19: по мере сгущения | D19: лексическая поверхность witness-а | E19: нет | F19: если важно не растворить genoss / вкушал / delighted in
A20: principles | B20: вторая волна | C20: по мере сгущения | D20: снятые принципы и authored commentary | E20: нет | F20: если узел уже читается как principle, а не только факт
A21: analogy_nodes | B21: третья волна | C21: когда накопятся повторяющиеся аналогии | D21: отдельные образные мосты | E21: нет | F21: если аналогии становятся запросопригодными
A22: reasoning_paths | B22: третья волна | C22: когда появляются вопросы почему/как | D22: маршруты рассуждения | E22: нет | F22: если нужен объяснимый путь от вопроса к ответу
... A25: predicates_registry / class_registry | B25: вторая волна+ | C25: после стабилизации первого pilot-а | D25: governance-слой для предикатов и классов | E25: нет | F25: если начинается enum drift и почти-дубли
A27: Правила роста
A28: № | B28: Правило
A29: 1 | B29: Один смысл -> один node_id. Не плодить языковые копии одного и того же узла.
A30: 2 | B30: witness ≠ layer. Witness отвечает за происхождение текста, layer отвечает за режим утверждения.
A31: 3 | B31: Комментарии и принципы не маскируются под source fact.
A32: 4 | B32: Event/state node создается, когда плоская тройка теряет важную структуру.
A33: 5 | B33: Translation tensions фиксируются только там, где дрейф реально меняет философский вес.
A34: 6 | B34: Новая таблица оправдана, если открывает новый тип запроса или снимает путаницу.
A36: Новые листы | B36: 13_Проектная_схема, 14_Порядок_прохода, 20-23 листы контроля и traceable generation path расширяют стартовый пакет до устойчивого проектного каркаса.

Sheet 01_Ключи
A1: Общий словарь ключей и anchor-контракта v6.1
A2: Эти поля склеивают authoring tables, registries и serving views
A4: Ключ | B4: Где живёт | C4: Что означает | D4: Пример | E4: Правило
A5: source_secondary | B5: corpus_map / segments / anchors | C5: человеческий вторичный адрес внутри произведения | D5: 1,1,1,8 | E5: стабилен; не переиспользуется для другого места
A6: sort_key | B6: corpus_map / segments | C6: строгий порядок обхода | D6: 8 | E6: единственный canonical порядок
A7: paragraph_anchor | B7: segments / coverage_view | C7: локальный номер абзаца внутри bounded route | D7: [8] | E7: общий для de / ru / en
A8: segment_id | B8: segments и дальше почти везде | C8: машинно-стабильный идентификатор сегмента | D8: seg.1.1.1.8 | E8: один на общий paragraph-aligned segment
A9: witness_id | B9: witnesses / glosses / tensions | C9: какой текстовый свидетель говорит | D9: w.ru.dionysus.translation.v1 | E9: всегда явный provenance
A10: node_id | B10: nodes / edges / principles | C10: устойчивый смысловой узел | D10: n.underworld | E10: не зависит от языка поверхности
A11: es_id | B11: event_state_nodes / edges | C11: узел события или состояния | D11: ev.p7_8.descent_named_as_go_under | E11: создается, когда тройка тесна
A12: principle_id | B12: principles / edges | C12: узел принципа или claim-а | D12: pr.descent_is_required_by_gift | E12: не маскируется под source fact
A13: edge_id | B13: edges | C13: одна нормализованная связь | D13: e63 | E13: минимальная единица графовой связи
A14: edge_kind | B14: edges / master_view | C14: тип relation row | D14: source_edge | E14: source_edge / bridge_edge / principle_edge
A15: anchor_mode | B15: event_state_nodes / principles / edges | C15: single или multi anchor | D15: multi | E15: один договор range-привязки
... A20: layer | B20: nodes / event_state_nodes / principles / edges | C20: режим утверждения | D20: source_linked / distilled_principle / authored_commentary | E20: не смешивать с witness

Sheet 02_corpus_map
A1: Схема: corpus_map
A2: Адресное дерево корпуса. На этом слое ты можешь пройти хоть всю книгу.
A4: Таблица | B4: corpus_map
A5: Волна | B5: фундаментальный
A6: Назначение | B6: дать каждому текстовому месту стабильный адрес и порядок обхода
A7: Обязательность | B7: заводить сразу
A8: Первичный ключ | B8: corpus_row_id
A9: Зависит от | B9: ни от чего, это корневая карта
A10: Когда спавнить | B10: никогда не заменяется; только расширяется новыми строками
A11: Правило заполнения | B11: одна строка = одно адресуемое место корпуса; не придумывать скрытых уровней
A13: Поля
A14: Поле | B14: Обязат. | C14: Тип | D14: Описание | E14: Пример | F14: Правило
A15: corpus_row_id | B15: да | C15: string | D15: технический id строки карты | E15: cm.1.1.1.8 | F15: стабилен
A16: work_id | B16: да | C16: string | D16: id произведения | E16: thus-spoke-zarathustra | F16: один на книгу/корпус
A17: part_no | B17: да | C17: integer | D17: номер части | E17: 1 | F17: если уровень есть
A18: chapter_no | B18: да | C18: integer | D18: номер главы | E18: 1 | F18: если уровень есть
A19: subchapter_no | B19: да | C19: integer | D19: номер части главы | E19: 1 | F19: для твоего secondary
A20: paragraph_no | B20: да | C20: integer | D20: номер абзаца | E20: 8 | F20: для paragraph spine
A21: source_secondary | B21: да | C21: string | D21: человеческий вторичный адрес | E21: 1,1,1,8 | F21: главный внешний якорь
A22: sort_key | B22: да | C22: integer | D22: порядок обхода | E22: 8 | F22: строгий порядок
A23: title_ru | B23: нет | C23: string | D23: рабочее имя места | E23: untergehen как выбранный спуск | F23: не обязательно
A24: title_en | B24: нет | C24: string | D24: рабочее английское имя места | E24: chosen descent as go-under | F24: если нужен bridge/export
A25: note | B25: нет | C25: text | D25: служебная заметка | E25: абзац пролога | F25: без толкования
A27: Канонический пример строки
A28: corpus_row_id | B28: work_id | C28: part_no | D28: chapter_no | E28: subchapter_no | F28: paragraph_no | G28: source_secondary | H28: sort_key | I28: title_ru | J28: title_en | K28: note
A29: cm.1.1.1.8 | B29: thus-spoke-zarathustra | C29: 1 | D29: 1 | E29: 1 | F29: 8 | G29: 1,1,1,8 | H29: 8 | I29: untergehen как выбранный спуск | J29: chosen descent as go-under | K29: локатор пролога [8]

Sheet 03_witnesses
A1: Схема: witnesses
A2: Кто говорит и в каком статусе.
A4: Таблица | B4: witnesses
A5: Волна | B5: фундаментальный
A6: Назначение | B6: держать provenance явным и не путать canonical source с переводом, bridge или agent layer
A7: Обязательность | B7: заводить сразу
A8: Первичный ключ | B8: witness_id
A9: Зависит от | B9: на corpus_map только логически
A10: Когда спавнить | B10: новая строка на каждый новый witness-слой
A11: Правило заполнения | B11: одна строка = один текстовый свидетель; witness_role и authority_level обязательны
A13: Поля
A14: Поле | B14: Обязат. | C14: Тип | D14: Описание | E14: Пример | F14: Правило
A15: witness_id | B15: да | C15: string | D15: стабильный id witness-а | E15: w.ru.dionysus.translation.v1 | F15: не менять без причины
A16: language | B16: да | C16: string | D16: язык witness-а | E16: ru | F16: ISO или короткий код
A17: witness_role | B17: да | C17: enum | D17: canonical_source / working_translation / bridge_translation / agent_generated_witness | E17: working_translation | F17: роль важнее названия
A18: authority_level | B18: да | C18: enum | D18: canonical / derived_human / derived_noncanonical | E18: derived_human | F18: не завышать авторитет
A19: author_or_translator | B19: нет | C19: string | D19: автор или переводчик | E19: Dionysus | F19: если уместно
A20: edition_or_source | B20: нет | C20: string | D20: редакция или источник | E20: facsimile-backed 1883 | F20: видимая provenance
A21: publication_year | B21: нет | C21: integer | D21: год публикации | E21: 1883 | F21: если известен
A22: based_on | B22: нет | C22: string | D22: на каком witness основан | E22: w.de.nietzsche.1883.facsimile | F22: для derived слоёв
A23: normalization_note | B23: нет | C23: text | D23: что нормализовано | E23: surface cleanup pending | F23: важно для нормализации
A24: active | B24: нет | C24: boolean | D24: используется ли в текущем проходе | E24: TRUE | F24: можно отключать не удаляя
A26: Канонический пример строки
A27: witness_id | B27: language | C27: witness_role | D27: authority_level | E27: author_or_translator | F27: edition_or_source | G27: publication_year | H27: based_on | I27: normalization_note | J27: active
A28: w.ru.dionysus.translation.v1 | B28: ru | C28: working_translation | D28: derived_human | E28: Dionysus | F28: facsimile-backed 1883 | G28: 1883 | H28: w.de.nietzsche.1883.facsimile | I28: минимальная нормализация | J28: TRUE

Sheet 04_segments
A1: Схема: segments
A2: Shared paragraph-aligned spine и anchors.
A4: Таблица | B4: segments
A5: Волна | B5: фундаментальный
A6: Назначение | B6: дать общий локатор для de / ru / en и всех derived слоёв
A7: Обязательность | B7: заводить сразу
A8: Первичный ключ | B8: segment_id
A9: Зависит от | B9: corpus_map
A10: Когда спавнить | B10: новая строка на каждый segment из bounded route
A11: Правило заполнения | B11: одна строка = один общий сегмент; witness-specific тексты живут в witness surface, не здесь
A13: Поля
A14: Поле | B14: Обязат. | C14: Тип | D14: Описание | E14: Пример | F14: Правило
A15: segment_id | B15: да | C15: string | D15: стабильный id сегмента | E15: seg.1.1.1.8 | F15: один на общий segment
A16: source_secondary | B16: да | C16: string | D16: вторичный адрес | E16: 1,1,1,8 | F16: сквозной anchor
A17: paragraph_anchor | B17: да | C17: string | D17: anchor вида [n] | E17: [8] | F17: общий для свидетелей
A18: sort_key | B18: да | C18: integer | D18: порядок в route | E18: 8 | F18: строгий обход
A19: line_span | B19: нет | C19: string | D19: диапазон строк в donor file | E19: L155-L169 | F19: полезно для file-level привязки
A20: witness_scope | B20: да | C20: string | D20: какие witness-слои разделяют сегмент | E20: de+ru+en | F20: обычно общий
A21: cluster_id | B21: нет | C21: string | D21: составной кластер для multi-anchor логики | E21: cluster.descent_going_under | F21: если нужен
A22: working_name | B22: нет | C22: string | D22: рабочее имя сегмента | E22: go-under-to-humans | F22: для навигации
A23: note | B23: нет | C23: text | D23: технич. комментарий | E23: переходит в reasoning cluster | F23: без философской инфляции
A25: Канонический пример строки
A26: segment_id | B26: source_secondary | C26: paragraph_anchor | D26: sort_key | E26: witness_scope | F26: line_span | G26: cluster_id | H26: working_name | I26: note
A27: seg.1.1.1.8 | B27: 1,1,1,8 | C27: [8] | D27: 8 | E27: de+ru+en | F27: L155-L169 | G27: cluster.descent_going_under | H27: go-under-to-humans | I27: переходит в reasoning cluster

Sheet 05_nodes
A1: Схема: nodes
A2: Устойчивые сущности, символы, понятия, места.
A4: Таблица | B4: nodes
A5: Волна | B5: фундаментальный
A6: Назначение | B6: хранить переиспользуемые значения, а не фразы witness-поверхности
A7: Обязательность | B7: заводить сразу
A8: Первичный ключ | B8: node_id
A9: Зависит от | B9: segments логически; напрямую можно стартовать параллельно
A10: Когда спавнить | B10: новая строка, когда смысл становится переиспользуемым
A11: Правило заполнения | B11: одна строка = один смысл; не создавать отдельный node под каждую языковую формулировку
A13: Поля
A14: Поле | B14: Обязат. | C14: Тип | D14: Описание | E14: Пример | F14: Правило
A15: node_id | B15: да | C15: string | D15: устойчивый id узла | E15: n.underworld | F15: one meaning -> one node_id
A16: label_ru | B16: да | C16: string | D16: рабочая русская метка | E16: подземный мир | F16: для human authoring
A17: node_class | B17: да | C17: enum | D17: persona/entity/place/concept/animal-symbol/... | E17: underworld-domain | F17: тип узла
A18: layer | B18: да | C18: enum | D18: source_linked / distilled_principle / authored_commentary | E18: source_linked | F18: режим утверждения
A19: status | B19: нет | C19: enum | D19: new / reused | E19: new | F19: для контроля роста
A20: first_segment_id | B20: да | C20: string | D20: где впервые закреплен | E20: seg.1.1.1.7 | F20: первичный anchor
A21: first_source_secondary | B21: да | C21: string | D21: вторичный адрес первого появления | E21: 1,1,1,7 | F21: быстрый адрес
A22: canonical_label | B22: нет | C22: string | D22: нейтральное имя без языка поверхности | E22: underworld | F22: для экспорта
A23: label_en | B23: нет | C23: string | D23: рабочая английская метка | E23: underworld | F23: если нужна для bridge/экспорта
A24: note | B24: нет | C24: text | D24: служебная заметка | E24: адресат света солнца | F24: не заменяет principles
A26: Канонический пример строки
A27: node_id | B27: label_ru | C27: node_class | D27: layer | E27: first_segment_id | F27: first_source_secondary | G27: canonical_label | H27: label_en | I27: status | J27: note
A28: n.underworld | B28: подземный мир | C28: underworld-domain | D28: source_linked | E28: seg.1.1.1.7 | F28: 1,1,1,7 | G28: underworld | H28: underworld | I28: new | J28: адресат света солнца

Sheet 06_event_state_nodes
A1: Схема: event_state_nodes
A2: Здесь строка превращается в событие или состояние.
A4: Таблица | B4: event_state_nodes
A5: Волна | B5: фундаментальный
A6: Назначение | B6: удерживать длительность, множественных участников, условность, повторяемость и аналогии
A7: Обязательность | B7: заводить сразу
A8: Первичный ключ | B8: es_id
A9: Зависит от | B9: nodes, segments
A10: Когда спавнить | B10: когда плоская тройка теряет важную структуру
A11: Правило заполнения | B11: создавать event/state node, если у отношения есть время, путь, несколько ролей, повтор, условность или образная функция
A13: Поля
A14: Поле | B14: Обязат. | C14: Тип | D14: Описание | E14: Пример | F14: Правило
A15: es_id | B15: да | C15: string | D15: id события/состояния | E15: ev.p7_8.descent_named_as_go_under | F15: стабильный
A16: kind | B16: да | C16: enum | D16: event / state / analogy / composite | E16: event | F16: тип узла
A17: label_ru | B17: да | C17: string | D17: рабочее имя | E17: нисхождение, названное untergehen | F17: коротко и точно
A18: anchor_mode | B18: да | C18: enum | D18: single / multi | E18: multi | F18: если узел держится на 2+ сегментах
A19: anchor_start_secondary | B19: да | C19: string | D19: первый source_secondary | E19: 1,1,1,7 | F19: начало anchor
A20: anchor_end_secondary | B20: нет | C20: string | D20: последний source_secondary | E20: 1,1,1,8 | F20: если multi-anchor; для single-anchor оставлять пустым
A21: anchor_segment_ids | B21: да | C21: string | D21: shared segment spine диапазона | E21: seg.1.1.1.7|seg.1.1.1.8 | F21: pipe-list segment ids
A22: subject_hint | B22: нет | C22: string | D22: основной участник | E22: n.zarathustra | F22: подсказка, не замена edges
A23: es_class | B23: нет | C23: string | D23: класс события/состояния | E23: chosen_descent | F23: удобно для группировок
A24: repeatable | B24: нет | C24: boolean | D24: повторяется ли | E24: FALSE | F24: для ритуалов и recurring forms
A25: note | B25: нет | C25: text | D25: служебная заметка | E25: мост между [7] и [8] | F25: не заменяет principles
A27: Канонический пример строки
A28: es_id | B28: kind | C28: label_ru | D28: anchor_mode | E28: anchor_start_secondary | F28: anchor_end_secondary | G28: anchor_segment_ids | H28: subject_hint | I28: es_class | J28: repeatable | K28: note
A29: ev.p7_8.descent_named_as_go_under | B29: event | C29: нисхождение, названное untergehen | D29: multi | E29: 1,1,1,7 | F29: 1,1,1,8 | G29: seg.1.1.1.7|seg.1.1.1.8 | H29: n.zarathustra | I29: chosen_descent | J29: FALSE | K29: мост между [7] и [8]

Sheet 07_edges
A1: Схема: edges
A2: Нормализованные связи между узлами, событиями, состояниями и principles.
A4: Таблица | B4: edges
A5: Волна | B5: фундаментальный
A6: Назначение | B6: собрать графовую ткань из минимальных relations
A7: Обязательность | B7: заводить сразу
A8: Первичный ключ | B8: edge_id
A9: Зависит от | B9: nodes, event_state_nodes и principles
A10: Когда спавнить | B10: новая строка на каждую устойчивую relation
A11: Правило заполнения | B11: не хранить в одной строке два разных утверждения; complex logic выносить в event/state/principle nodes
A13: Поля
A14: Поле | B14: Обязат. | C14: Тип | D14: Описание | E14: Пример | F14: Правило
A15: edge_id | B15: да | C15: string | D15: id связи | E15: e63 | F15: стабилен внутри проекта
A16: edge_kind | B16: да | C16: enum | D16: source_edge / bridge_edge / principle_edge | E16: source_edge | F16: row-kind relation
A17: from_id | B17: да | C17: string | D17: исходный id | E17: n.humans | F17: node_id / es_id / principle_id
A18: predicate_id | B18: да | C18: string | D18: нормализованный предикат | E18: names_descent_as | F18: не языковая поверхность
A19: to_id | B19: да | C19: string | D19: целевой id | E19: n.go_under | F19: node_id / es_id / principle_id
A20: layer | B20: да | C20: enum | D20: source_linked / distilled_principle / authored_commentary | E20: source_linked | F20: режим утверждения
A21: anchor_mode | B21: да | C21: enum | D21: single / multi | E21: single | F21: единый anchor contract
A22: anchor_start_secondary | B22: да | C22: string | D22: начало привязки к месту | E22: 1,1,1,8 | F22: минимальный anchor
A23: anchor_end_secondary | B23: нет | C23: string | D23: конец привязки | E23: 1,1,1,8 | F23: для multi-anchor; для single-anchor оставлять пустым
A24: anchor_segment_ids | B24: да | C24: string | D24: привязка к spine сегментов | E24: seg.1.1.1.8 | F24: single value тоже здесь
A25: witness_scope | B25: нет | C25: string | D25: какие witness-слои подтверждают | E25: de+ru+en | F25: или конкретный witness
... A28: note | B28: нет | C28: text | D28: служебная помета | E28: люди дают имя нисхождению | F28: без инфляции
A30: Канонический пример строки
A31: edge_id | B31: edge_kind | C31: from_id | D31: predicate_id | E31: to_id | F31: layer | G31: anchor_mode | H31: anchor_start_secondary | I31: anchor_end_secondary | J31: anchor_segment_ids | K31: witness_scope | L31: connectivity_role | M31: confidence | N31: note
A32: e63 | B32: source_edge | C32: n.humans | D32: names_descent_as | E32: n.go_under | F32: source_linked | G32: single | H32: 1,1,1,8 | J32: seg.1.1.1.8 | K32: de+ru+en | L32: local_chain | M32: 1 | N32: люди дают имя нисхождению

Sheet 08_translation_tensions
A1: Схема: translation_tensions
A2: Только philosophically load-bearing drift clusters.
A4: Таблица | B4: translation_tensions
A5: Волна | B5: фундаментальный+
A6: Назначение | B6: фиксировать места, где drift между witness-слоями реально меняет вес мысли
A7: Обязательность | B7: заводить сразу, но скупо
A8: Первичный ключ | B8: tension_id
A9: Зависит от | B9: segments, witnesses, witness_glosses
A10: Когда спавнить | B10: когда drift нельзя честно спрятать в обычную нормализацию
A11: Правило заполнения | B11: не превращать в склад всех различий; только нагрузочные швы
A13: Поля
A14: Поле | B14: Обязат. | C14: Тип | D14: Описание | E14: Пример | F14: Правило
A15: tension_id | B15: да | C15: string | D15: id tension-а | E15: tt.untergehen | F15: стабилен
A16: normalized_core | B16: да | C16: string | D16: какое ядро tension держит | E16: go_under | F16: не wide bundle surface-ов
A17: anchor_mode | B17: да | C17: enum | D17: single / multi | E17: multi | F17: единый anchor contract
A18: anchor_start_secondary | B18: да | C18: string | D18: первый адрес tension-а | E18: 1,1,1,7 | F18: начало диапазона
A19: anchor_end_secondary | B19: нет | C19: string | D19: последний адрес tension-а | E19: 1,1,1,8 | F19: если multi-anchor; для single-anchor оставлять пустым
A20: anchor_segment_ids | B20: да | C20: string | D20: segment spine tension-а | E20: seg.1.1.1.7|seg.1.1.1.8 | F20: pipe-list segment ids
A21: witness_ids | B21: нет | C21: string | D21: какие witness участвуют в tension-е | E21: w.de...|w.ru...|w.en... | F21: если нужно явное перечисление
A22: why_load_bearing | B22: да | C22: text | D22: почему это важно | E22: человеческое имя нисхождения, не поражение | F22: обязательно объяснить
A23: decision_status | B23: нет | C23: enum | D23: open / bounded / stabilized | E23: bounded | F23: степень фиксации
A24: preferred_handling | B24: нет | C24: text | D24: как обращаться с drift | E24: держать tension видимым | F24: рабочее решение
A25: note | B25: нет | C25: text | D25: служебная помета | E25: surface rows живут в glosses | F25: не дублировать wide bundle
A26: Канонический пример строки
A27: tension_id | B27: normalized_core | C27: anchor_mode | D27: anchor_start_secondary | E27: anchor_end_secondary | F27: anchor_segment_ids | G27: witness_ids | H27: why_load_bearing | I27: decision_status | J27: preferred_handling | K27: note
A28: tt.untergehen | B28: go_under | C28: multi | D28: 1,1,1,7 | E28: 1,1,1,8 | F28: seg.1.1.1.7|seg.1.1.1.8 | G28: w.de.nietzsche.1883.facsimile|w.ru.dionysus.translation.v1|w.en.bridge.translation.v1 | H28: узловой термин нисхождения и его людского имени | I28: bounded | J28: держать tension видимым | K28: surface rows живут в glosses

Sheet 09_witness_glosses
A1: Схема: witness_glosses
A2: Witness-specific long-model слой для лексической поверхности.
A4: Таблица | B4: witness_glosses
A5: Волна | B5: вторая волна
A6: Назначение | B6: сохранять точные witness-specific формулировки там, где они не должны растворяться
A7: Обязательность | B7: по мере сгущения
A8: Первичный ключ | B8: gloss_id
A9: Зависит от | B9: witnesses, segments, translation_tensions
A10: Когда спавнить | B10: когда формулировка сама по себе значима
A11: Правило заполнения | B11: одна строка = одна witness-specific поверхность; не превращать gloss в самостоятельный concept без нужды
A13: Поля
A14: Поле | B14: Обязат. | C14: Тип | D14: Описание | E14: Пример | F14: Правило
A15: gloss_id | B15: да | C15: string | D15: id gloss-а | E15: g.1.enjoyment | F15: стабилен
A16: witness_id | B16: да | C16: string | D16: какому witness принадлежит | E16: w.ru.dionysus.translation.v1 | F16: явная provenance
A17: segment_id | B17: да | C17: string | D17: где встречается | E17: seg.1.1.1.1 | F17: anchor
A18: source_secondary | B18: да | C18: string | D18: вторичный адрес | E18: 1,1,1,1 | F18: быстрый anchor
A19: token_or_phrase | B19: да | C19: string | D19: буквальная поверхность | E19: вкушал | F19: то, что нельзя потерять
A20: normalized_core | B20: да | C20: string | D20: какое ядро стоит за ней | E20: delights_in | F20: смысловое ядро
A21: tension_id | B21: нет | C21: string | D21: к какому tension привязан gloss | E21: tt.untergehen | F21: если gloss участвует в drift-cluster
A22: gloss_note | B22: нет | C22: text | D22: что эта поверхность усиливает | E22: телесность внутреннего вкушения | F22: коротко
A23: status | B23: нет | C23: enum | D23: open / useful / stabilized | E23: useful | F23: рабочий статус
A24: Канонический пример строки
A25: gloss_id | B25: witness_id | C25: segment_id | D25: source_secondary | E25: token_or_phrase | F25: normalized_core | G25: tension_id | H25: gloss_note | I25: status
A26: g.1.enjoyment | B26: w.ru.dionysus.translation.v1 | C26: seg.1.1.1.1 | D26: 1,1,1,1 | E26: вкушал | F26: delights_in | G26: tt.untergehen | H26: телесность внутреннего вкушения | I26: useful

Sheet 10_principles
A1: Схема: principles
A2: Distilled principles и authored commentary поверх anchors.
A4: Таблица | B4: principles
A5: Волна | B5: вторая волна
A6: Назначение | B6: фиксировать уже снятые принципы, не выдавая их за буквальный source fact
A7: Обязательность | B7: по мере сгущения
A8: Первичный ключ | B8: principle_id
A9: Зависит от | B9: segments, nodes, event_state_nodes, edges
A10: Когда спавнить | B10: когда место уже удерживает принцип, а не только событие
A11: Правило заполнения | B11: принцип должен иметь anchor и layer; его support нормализуется через principle_edge rows в edges
A13: Поля
A14: Поле | B14: Обязат. | C14: Тип | D14: Описание | E14: Пример | F14: Правило
A15: principle_id | B15: да | C15: string | D15: id принципа | E15: pr.descent_is_required_by_gift | F15: стабилен
A16: layer | B16: да | C16: enum | D16: distilled_principle / authored_commentary | E16: distilled_principle | F16: режим утверждения
A17: formula_ru | B17: да | C17: text | D17: сжатая формула принципа | E17: подлинный дар требует нисхождения | F17: коротко и ясно
A18: anchor_mode | B18: да | C18: enum | D18: single / multi | E18: multi | F18: единый anchor contract
A19: anchor_start_secondary | B19: да | C19: string | D19: первый адрес | E19: 1,1,1,6 | F19: начало опоры
A20: anchor_end_secondary | B20: нет | C20: string | D20: последний адрес | E20: 1,1,1,7 | F20: если multi-anchor; для single-anchor оставлять пустым
A21: anchor_segment_ids | B21: да | C21: string | D21: сегменты опоры | E21: seg.1.1.1.6|seg.1.1.1.7 | F21: pipe-list segment ids
A22: status | B22: нет | C22: enum | D22: open / bounded / stabilized | E22: bounded | F22: степень фиксации
A23: note | B23: нет | C23: text | D23: служебная помета | E23: не выдавать за source fact | F23: если нужно
A25: Канонический пример строки
A26: principle_id | B26: layer | C26: formula_ru | D26: anchor_mode | E26: anchor_start_secondary | F26: anchor_end_secondary | G26: anchor_segment_ids | H26: status | I26: note
A27: pr.descent_is_required_by_gift | B27: distilled_principle | C27: подлинный дар требует нисхождения | D27: multi | E27: 1,1,1,6 | F27: 1,1,1,7 | G27: seg.1.1.1.6|seg.1.1.1.7 | H27: bounded | I27: не выдавать за source fact

Sheet 11_Рост_и_спавн
A1: Правила спавна новых таблиц
A2: Когда создавать новую таблицу, а когда не создавать.
A4: Таблица | B4: growth_rules
A5: Волна | B5: мета-слой
A6: Назначение | B6: не дать проекту распухнуть и в то же время не зажать рост
A7: Обязательность | B7: держать рядом с самого начала
A8: Первичный ключ | B8: rule_id
A9: Зависит от | B9: весь проект
A10: Когда спавнить | B10: не спавнится; это регулятор
A11: Правило заполнения | B11: каждая новая таблица должна пройти тест пользы
A13: Поля
A14: Поле | B14: Обязат. | C14: Тип | D14: Описание | E14: Пример | F14: Правило
A15: rule_id | B15: да | C15: string | D15: id правила | E15: gr.01 | F15: технический
A16: question | B16: да | C16: text | D16: контрольный вопрос | E16: Открывает ли новая таблица новый тип запроса? | F16: задает тест
A17: yes_action | B17: да | C17: text | D17: что делать если да | E17: заводить таблицу и связывать через устойчивые ids | F17: позитивный ход
A18: no_action | B18: да | C18: text | D18: что делать если нет | E18: оставить данные в существующей таблице | F18: не плодить лишнее
A19: danger | B19: нет | C19: text | D19: чего избегать | E19: дублирование узлов и смешение source/commentary | F19: красная зона
A21: Минимальный пример строки
A22: rule_id | B22: question | C22: yes_action | D22: no_action | E22: danger
A23: gr.01 | B23: Открывает ли новая таблица новый тип запроса или reasoning path? | C23: Да: создать новую таблицу. | D23: Нет: оставить в текущем слое. | E23: Пустое размножение схем.
A24: gr.02 | B24: Снимает ли она путаницу между witness, layer и provenance? | C24: Да: создать новую таблицу. | D24: Нет: уточнить текущие поля. | E24: Смешение происхождения и толкования.
A25: gr.03 | B25: Снижает ли она дублирование? | C25: Да: нормализовать и вынести. | D25: Нет: не спавнить. | E25: Параллельные копии одного смысла.
A26: gr.04 | B26: Становится ли аналогия сама queryable? | C26: Да: позже создать analogy_nodes. | D26: Нет: оставить kind=analogy в event_state_nodes. | E26: Преждевременная инфляция символов.

Sheet 12_Sources
A1: Источники схемы
A2: Plain text URLs для проектной дисциплины
A4: Источник | B4: URL | C4: Зачем нужен
A5: ToS Charter | B5: https://raw.githubusercontent.com/8Dionysus/Tree-of-Sophia/main/CHARTER.md | C5: raw material, derived extraction и human-reviewed synthesis должны быть разведены; growth through explicit structure.
A6: Zarathustra Trilingual Entry | B6: https://raw.githubusercontent.com/8Dionysus/Tree-of-Sophia/main/docs/ZARATHUSTRA_TRILINGUAL_ENTRY.md | C6: 1 source node, 12 shared paragraph-aligned segments, 3 language witnesses, bounded translation_tensions, deepening not widening.
A7: source_node.example.json | B7: https://raw.githubusercontent.com/8Dionysus/Tree-of-Sophia/main/examples/source_node.example.json | C7: interpretation_layers = source_linked / distilled_thesis / commentary; key_terms include solitude, overflow, descent, return.
A8: Audit patchpack | B8: user-uploaded workbook: tos_kag_project_scheme_v5_patchpack.xlsx | C8: канонический контракт, patch-list и seed-реестры для v6

Sheet 13_Проектная_схема
A1: Проектная схема ToS/KAG v6.1
A2: Стартовый набор authoring tables, governance-слой и generated serving views
A4: Назначение | B4: Дать одну рабочую карту проекта: с каких таблиц начинать, что в них обязательно, что можно отложить и когда рождать следующий слой.
A5: Главный принцип | B5: Малое устойчивое ядро сначала; новые таблицы только тогда, когда они открывают новый тип запроса, удерживают provenance, снимают путаницу или закрепляют governance.
A6: Authoring vs serving | B6: corpus_map / witnesses / segments / nodes / event_state_nodes / principles / edges / tensions / glosses = authoring. master_view / coverage_view / actual layers = serving.
A7: Базовый старт | B7: corpus_map, witnesses, segments, nodes, event_state_nodes, edges, translation_tensions.
A8: Вторая волна | B8: witness_glosses, principles, predicates_registry, class_registry.
A9: Третья волна | B9: reasoning_paths, lineage_links, agent_witnesses, query_views, поздние symbolic projections.
A11: Таблица | B11: Роль | C11: Обязательные поля | D11: Опциональные поля | E11: Заполнять когда | F11: Правило заполнения | G11: Не делать | H11: Спавнить дальше когда | I11: Минимальный пример
A12: corpus_map | B12: authoring / base | C12: corpus_row_id; work_id; part_no; chapter_no; subchapter_no; paragraph_no; source_secondary; sort_key | D12: title_ru; title_en; note | E12: сразу | F12: Одна строка = одно адресуемое место корпуса. | G12: Не превращать corpus_map в таблицу смыслов. | H12: Когда нужен стабильный адрес книги/главы/части/абзаца. | I12: cm.1.1.1.8 | 1,1,1,8 | 8
A13: witnesses | B13: authoring / base | C13: witness_id; language; witness_role; authority_level | D13: author_or_translator; edition_or_source; publication_year; based_on; normalization_note; active | E13: сразу | F13: Одна строка = один text witness. | G13: Не смешивать witness и layer. | H13: Когда есть 2+ text layers или нужен provenance. | I13: w.ru.dionysus.translation.v1
A14: segments | B14: authoring / base | C14: segment_id; source_secondary; paragraph_anchor; sort_key; witness_scope | D14: line_span; cluster_id; working_name; note | E14: сразу после разметки | F14: Одна строка = один shared paragraph-aligned segment. | G14: Не путать segment spine с witness surface. | H14: Когда нужен общий anchor для всех слоёв. | I14: seg.1.1.1.5
A15: nodes | B15: authoring / base | C15: node_id; label_ru; node_class; layer; first_segment_id; first_source_secondary | D15: canonical_label; label_en; status; note | E15: сразу после первых segments | F15: Один смысл -> один node_id. | G15: Не плодить языковые копии смысла. | H15: Когда смысл должен переиспользоваться. | I15: n.overflow
A16: event_state_nodes | B16: authoring / base | C16: es_id; kind; label_ru; anchor_mode; anchor_start_secondary; anchor_segment_ids | D16: anchor_end_secondary; subject_hint; es_class; repeatable; note | E16: когда тройка тесна | F16: Выносить длительность, повторяемость, условность, множественных участников и analogies. | G16: Не делать event/state из каждой простой тройки. | H16: Когда relation несёт собственную структуру. | I16: st.p1.solitary_ripening_10y
A17: edges | B17: authoring / base | C17: edge_id; edge_kind; from_id; predicate_id; to_id; layer; anchor_mode; anchor_start_secondary; anchor_segment_ids | D17: anchor_end_secondary; witness_scope; connectivity_role; confidence; note | E17: сразу после nodes и es | F17: Edges связывают node/es/principle ids. | G17: Не писать смысл прямо в master. | H17: Когда есть хотя бы один нормализованный id. | I17: e63
A18: translation_tensions | B18: authoring / base+ | C18: tension_id; normalized_core; anchor_mode; anchor_start_secondary; anchor_segment_ids; why_load_bearing | D18: anchor_end_secondary; witness_ids; decision_status; preferred_handling; note | E18: сразу, но скупо | F18: Только load-bearing drift clusters. | G18: Не хранить здесь wide tri-lingual bundles. | H18: Когда drift меняет философский вес. | I18: tt.untergehen
A19: witness_glosses | B19: authoring / wave2 | C19: gloss_id; witness_id; segment_id; source_secondary; token_or_phrase; normalized_core | D19: tension_id; gloss_note; status | E19: по мере сгущения | F19: Gloss = one witness-specific lexical surface. | G19: Не превращать glosses в словарную свалку. | H19: Когда формулировка сама ведёт смысл. | I19: g.1.enjoyment
A20: principles | B20: authoring / wave2 | C20: principle_id; layer; formula_ru; anchor_mode; anchor_start_secondary; anchor_segment_ids | D20: anchor_end_secondary; status; note | E20: по мере сгущения | F20: Support нормализуется через principle_edge rows. | G20: Не держать supporting_ids pipe-list внутри principle row. | H20: Когда edges уже снимаются в общий закон. | I20: pr.happiness_is_relational
A21: predicates_registry | B21: governance / wave2 | C21: predicate_id; predicate_ru | D21: inverse_predicate_id; allowed_from_classes; allowed_to_classes; status; note | E21: когда растёт словарь предикатов | F21: Реестр управляет predicate drift. | G21: Не плодить близкие глаголы без решения registry. | H21: Когда master накапливает singletons и почти-дубли. | I21: addresses
A22: class_registry | B22: governance / wave2 | C22: class_id | D22: family; parent_class; status; note | E22: когда растёт словарь классов | F22: Реестр управляет class drift. | G22: Не создавать новый class label без сверки. | H22: Когда классы начинают расползаться. | I22: event
... A24: coverage_view | B24: serving / generated | C24: generated from master_view | D24: counts by row_kind / layer / connectivity_role | E24: после master_view | F24: Динамический аудит покрытия. | G24: Не держать fixed ranges, которые тихо врут при росте. | H24: Когда нужен быстрый контроль охвата. | I24: 16_Master_покрытие_1_12
A26: Serving-проекции
A27: 17_nodes_actual | B27: Чистая фактическая проекция n.* узлов из master
A28: 18_event_state_nodes_actual | B28: Чистая фактическая проекция ev.* и st.* узлов из master
A29: 19_principles_actual | B29: Чистая фактическая проекция principle-слоя из master

Sheet 14_Порядок_прохода
A1: Порядок прохода по книге
A2: Как проходить корпус волнами: от адреса и witness-слоя до principles, principle edges и generated serving views
A4: Режим работы | B4: Сначала горизонтальная волна: покрыть корпус простыми и устойчивыми таблицами. Потом вертикальная волна: углублять плотные места и подключать governance.
A5: Тактическое правило | B5: Не ждать идеальной системы. Заполнять ядро широко, а сложные таблицы рождать по триггерам.
A6: Практический ритм | B6: Новый фрагмент -> corpus_map -> witnesses -> segments -> nodes -> event_state_nodes -> source/bridge edges -> translation_tensions -> witness_glosses -> principles -> principle edges -> generated master -> coverage/actual views.
A9: Шаг | B9: Волна | C9: Что делаем | D9: Какие таблицы трогаем | E9: Минимальный результат | F9: Стоп-условие | G9: Что рождаем потом
A10: 1 | B10: горизонтальная | C10: Заводим адрес корпуса | D10: corpus_map | E10: У каждого нового куска есть source_secondary и sort_key | F10: Адрес стабилен и не плавает | G10: witnesses
A11: 2 | B11: горизонтальная | C11: Фиксируем текстовых свидетелей | D11: witnesses | E11: Понятно, кто canonical, кто working_translation, кто bridge | F11: У каждого текста есть witness_id и witness_role | G11: segments
A12: 3 | B12: горизонтальная | C12: Режем на shared segments | D12: segments | E12: Есть spine: paragraph_anchor, segment_id, witness_scope | F12: Можно сослаться на любой кусок текста | G12: nodes
A13: 4 | B13: горизонтальная | C13: Выделяем переиспользуемые узлы | D13: nodes | E13: Сущности, места, символы, понятия получили node_id | F13: Нет лишних дублей смыслов | G13: event_state_nodes
A14: 5 | B14: горизонтальная | C14: Выделяем события и состояния | D14: event_state_nodes | E14: Сложные строки получили es_id и explicit anchor contract | F14: Тройки больше не ломаются на простоте | G14: edges
A15: 6 | B15: горизонтальная | C15: Строим source/bridge relations | D15: edges | E15: Есть базовый граф и anchors | F15: Можно собрать минимальный reasoning path | G15: translation_tensions
A16: 7 | B16: горизонтальная+ | C16: Фиксируем нагрузочные дрейфы перевода | D16: translation_tensions | E16: Пойманы только философски значимые tension points | F16: Нет шума из мелкой стилистики | G16: witness_glosses или следующий фрагмент
A17: 8 | B17: вертикальная | C17: Сохраняем лексические поверхности | D17: witness_glosses | E17: Есть long-model gloss rows | F17: Glosses работают как мост к witness-форме | G17: principles
A18: 9 | B18: вертикальная | C18: Снимаем принципы и commentary | D18: principles | E18: Есть distilled principles и authored commentary | F18: Принципы не маскируются под source fact | G18: principle edges
A19: 10 | B19: вертикальная | C19: Нормализуем поддержку принципов как edges | D19: edges (principle_edge) | E19: Support живет в графе, а не в pipe-list inside principles | F19: Связи queryable и не дублируются | G19: generated master
A20: 11 | B20: serving | C20: Генерируем denormalized relation view | D20: master_view | E20: Есть единая master-таблица для чтения, аудита и экспорта | F20: Master не используется как hidden truth-sheet | G20: coverage_view / actual layers
A21: 12 | B21: serving | C21: Строим аудит покрытия и фактические проекции | D21: coverage_view; actual layers; registries | E21: Есть проверка охвата, реестры governance и чистые projections | F21: Проекции не подменяют source-first authoring | G21: следующий виток корпуса
A23: Трасса генерации v6.1
A24: Стадия | B24: Вход | C24: Выход | D24: Правило
A25: authoring_base | B25: 02_corpus_map; 03_witnesses; 04_segments; 05_nodes; 06_event_state_nodes; 07_edges; 08_translation_tensions; 09_witness_glosses; 10_principles | C25: 15_Master_связность_1_12 | D25: master_view генерируется как denormalized serving layer; в него не авторят вручную
A26: master_view | B26: 15_Master_связность_1_12 | C26: 16_Master_покрытие_1_12 | D26: coverage_view считает охват, row_kind, layer и paragraph spans поверх generated master
A27: master_view + registries | B27: 15_Master_связность_1_12; 20_predicates_registry; 21_class_registry | C27: 17_nodes_actual; 18_event_state_nodes_actual; 19_principles_actual | D27: actual-projections читают факты из master, а registries стабилизируют словари

Sheet 15_Master_связность_1_12
A1: Master_view (generated serving layer) по [1]-[12]
A2: DO NOT AUTHOR HERE. Этот лист генерируется из authoring tables и служит для чтения, аудита и экспорта.
A4: Назначение | B4: Свести в одном месте source, bridge и principle relations по [1]-[12] как serving view.
A5: Всего строк | B5: =COUNTA(A12:A5000)
A6: source_edge | B6: =COUNTIF(B12:B5000,"source_edge")
A7: bridge_edge | B7: =COUNTIF(B12:B5000,"bridge_edge")
A8: principle_edge | B8: =COUNTIF(B12:B5000,"principle_edge")
A9: Как читать | B9: Фильтруй по row_kind, layer, p_start/p_end, paragraph_tags и connectivity_role; authoring ведется в base sheets, не здесь.
A11: master_id | B11: row_kind | C11: from_id | D11: from_label_ru | E11: from_class | F11: predicate_id | G11: predicate_ru | H11: to_id | I11: to_label_ru | J11: to_class | K11: layer | L11: source_secondary_start | M11: source_secondary_end | N11: p_start | O11: p_end | P11: n_range | Q11: paragraph_tags | R11: segment_ids | S11: witness_scope | T11: connectivity_role | U11: note_ru
A12: m001 | B12: source_edge | C12: n.zarathustra | D12: Заратустра | E12: persona | F12: participates_in | G12: участвует в | H12: ev.p1.departure_from_origin | I12: уход из родины и озера | J12: event | K12: source_linked | L12: 1,1,1,1 | N12: 1 | O12: 1 | P12: [1] | Q12: |p1| | R12: seg.1.1.1.1 | S12: de+ru+en | T12: local_chain | U12: стартовый пространственный разрыв
A13: m002 | B13: source_edge | C13: ev.p1.departure_from_origin | D13: уход из родины и озера | E13: event | F13: leaves | G13: покидает | H13: n.homeland | I13: родина | J13: place | K13: source_linked | L13: 1,1,1,1 | N13: 1 | O13: 1 | P13: [1] | Q13: |p1| | R13: seg.1.1.1.1 | S13: de+ru+en | T13: local_chain
A14: m003 | B14: source_edge | C14: ev.p1.departure_from_origin | D14: уход из родины и озера | E14: event | F14: leaves | G14: покидает | H14: n.lake_of_homeland | I14: озеро родины | J14: place-symbol | K14: source_linked | L14: 1,1,1,1 | N14: 1 | O14: 1 | P14: [1] | Q14: |p1| | R14: seg.1.1.1.1 | S14: de+ru+en | T14: local_chain
A15: m004 | B15: source_edge | C15: ev.p1.departure_from_origin | D15: уход из родины и озера | E15: event | F15: goes_to | G15: идёт в | H15: n.mountains | I15: горы | J15: place | K15: source_linked | L15: 1,1,1,1 | N15: 1 | O15: 1 | P15: [1] | Q15: |p1| | R15: seg.1.1.1.1 | S15: de+ru+en | T15: local_chain
A16: m005 | B16: source_edge | C16: n.zarathustra | D16: Заратустра | E16: persona | F16: enters_state | G16: входит в состояние | H16: st.p1.solitary_ripening_10y | I16: десятилетнее горное уединение | J16: state | K16: source_linked | L16: 1,1,1,1 | N16: 1 | O16: 1 | P16: [1] | Q16: |p1| | R16: seg.1.1.1.1 | S16: de+ru+en | T16: local_chain | U16: десятилетнее уединение как состояние
A17: m006 | B17: source_edge | C17: st.p1.solitary_ripening_10y | D17: десятилетнее горное уединение | E17: state | F17: delights_in | G17: вкушает / наслаждается | H17: n.spirit | I17: дух | J17: inner_resource | K17: source_linked | L17: 1,1,1,1 | N17: 1 | O17: 1 | P17: [1] | Q17: |p1| | R17: seg.1.1.1.1 | S17: de+ru+en | T17: local_chain
A18: m007 | B18: source_edge | C18: st.p1.solitary_ripening_10y | D18: десятилетнее горное уединение | E18: state | F18: delights_in | G18: вкушает / наслаждается | H18: n.solitude | I18: одиночество / уединение | J18: state-concept | K18: source_linked | L18: 1,1,1,1 | N18: 1 | O18: 1 | P18: [1] | Q18: |p1| | R18: seg.1.1.1.1 | S18: de+ru+en | T18: local_chain
A19: m008 | B19: source_edge | C19: st.p1.solitary_ripening_10y | D19: десятилетнее горное уединение | E19: state | F19: duration | G19: имеет длительность | H19: literal.ten_years | I19: десять лет | J19: literal | K19: source_linked | L19: 1,1,1,1 | N19: 1 | O19: 1 | P19: [1] | Q19: |p1| | R19: seg.1.1.1.1 | S19: de+ru+en | T19: local_chain
A20: m009 | B20: bridge_edge | C20: st.p1.solitary_ripening_10y | D20: десятилетнее горное уединение | E20: state | F20: leads_to | G20: ведёт к | H20: ev.p1.heart_transformation | I20: преображение сердца | J20: event | K20: source_linked | L20: 1,1,1,1 | N20: 1 | O20: 1 | P20: [1] | Q20: |p1| | R20: seg.1.1.1.1 | S20: de+ru+en | T20: reasoning_bridge | U20: созревание ведет к внутреннему повороту
A21: m010 | B21: source_edge | C21: ev.p1.heart_transformation | D21: преображение сердца | E21: event | F21: affects | G21: затрагивает | H21: n.heart | I21: сердце | J21: inner_center | K21: source_linked | L21: 1,1,1,1 | N21: 1 | O21: 1 | P21: [1] | Q21: |p1| | R21: seg.1.1.1.1 | S21: de+ru+en | T21: local_chain
A22: m011 | B22: bridge_edge | C22: ev.p1.heart_transformation | D22: преображение сердца | E22: event | F22: prepares | G22: подготавливает | H22: ev.p1.dawn_address_to_sun | I22: утреннее обращение к солнцу | J22: event | K22: source_linked | L22: 1,1,1,1 | N22: 1 | O22: 1 | P22: [1] | Q22: |p1| | R22: seg.1.1.1.1 | S22: de+ru+en | T22: reasoning_bridge
A23: m012 | B23: source_edge | C23: n.zarathustra | D23: Заратустра | E23: persona | F23: performs | G23: совершает | H23: ev.p1.dawn_address_to_sun | I23: утреннее обращение к солнцу | J23: event | K23: source_linked | L23: 1,1,1,1 | N23: 1 | O23: 1 | P23: [1] | Q23: |p1| | R23: seg.1.1.1.1 | S23: de+ru+en | T23: local_chain
A24: m013 | B24: source_edge | C24: ev.p1.dawn_address_to_sun | D24: утреннее обращение к солнцу | E24: event | F24: occurs_with | G24: происходит вместе с | H24: n.dawn | I24: заря | J24: time-symbol | K24: source_linked | L24: 1,1,1,1 | N24: 1 | O24: 1 | P24: [1] | Q24: |p1| | R24: seg.1.1.1.1 | S24: de+ru+en | T24: local_chain
A25: m014 | B25: source_edge | C25: ev.p1.dawn_address_to_sun | D25: утреннее обращение к солнцу | E25: event | F25: addresses | G25: обращается к | H25: n.sun | I25: солнце / великое светило | J25: cosmic_entity | K25: source_linked | L25: 1,1,1,1 | N25: 1 | O25: 1 | P25: [1] | Q25: |p1| | R25: seg.1.1.1.1 | S25: de+ru+en | T25: local_chain
A26: m015 | B26: source_edge | C26: n.sun | D26: солнце / великое светило | E26: cosmic_entity | F26: participates_in | G26: участвует в | H26: st.p2.solar_happiness_requires_recipients | I26: счастье светила требует адресатов света | J26: state | K26: source_linked | L26: 1,1,1,2 | N26: 2 | O26: 2 | P26: [2] | Q26: |p2| | R26: seg.1.1.1.2 | S26: de+ru+en | T26: local_chain | U26: солнечное счастье задано как отношение
A27: m016 | B27: source_edge | C27: st.p2.solar_happiness_requires_recipients | D27: счастье светила требует адресатов света | E27: state | F27: concerns | G27: касается | H27: n.happiness | I27: счастье | J27: quality | K27: source_linked | L27: 1,1,1,2 | N27: 2 | O27: 2 | P27: [2] | Q27: |p2| | R27: seg.1.1.1.2 | S27: de+ru+en | T27: local_chain
A28: m017 | B28: source_edge | C28: n.happiness | D28: счастье | E28: quality | F28: depends_on | G28: зависит от | H28: n.recipients_of_light | I28: те, кому светят | J28: relational_group | K28: source_linked | L28: 1,1,1,2 | N28: 2 | O28: 2 | P28: [2] | Q28: |p2| | R28: seg.1.1.1.2 | S28: de+ru+en | T28: local_chain
A29: m018 | B29: source_edge | C29: st.p2.solar_happiness_requires_recipients | D29: счастье светила требует адресатов света | E29: state | F29: targets | G29: направлено к | H29: n.recipients_of_light | I29: те, кому светят | J29: relational_group | K29: source_linked | L29: 1,1,1,2 | N29: 2 | O29: 2 | P29: [2] | Q29: |p2| | R29: seg.1.1.1.2 | S29: de+ru+en | T29: local_chain | U29: адресаты света держат смысл счастья
A30: m019 | B30: source_edge | C30: n.sun | D30: солнце / великое светило | E30: cosmic_entity | F30: participates_in | G30: участвует в | H30: ev.p3.sun_ascends_to_cave_10y | I30: десятилетнее восхождение солнца к пещере | J30: event | K30: source_linked | L30: 1,1,1,3 | N30: 3 | O30: 3 | P30: [3] | Q30: |p3| | R30: seg.1.1.1.3 | S30: de+ru+en | T30: local_chain
A31: m020 | B31: source_edge | C31: ev.p3.sun_ascends_to_cave_10y | D31: десятилетнее восхождение солнца к пещере | E31: event | F31: destination | G31: направляется в | H31: n.cave | I31: пещера | J31: place-threshold | K31: source_linked | L31: 1,1,1,3 | N31: 3 | O31: 3 | P31: [3] | Q31: |p3| | R31: seg.1.1.1.3 | S31: de+ru+en | T31: local_chain
A32: m021 | B32: source_edge | C32: ev.p3.sun_ascends_to_cave_10y | D32: десятилетнее восхождение солнца к пещере | E32: event | F32: duration | G32: имеет длительность | H32: literal.ten_years | I32: десять лет | J32: literal | K32: source_linked | L32: 1,1,1,3 | N32: 3 | O32: 3 | P32: [3] | Q32: |p3| | R32: seg.1.1.1.3 | S32: de+ru+en | T32: local_chain
A33: m022 | B33: source_edge | C33: n.sun | D33: солнце / великое светило | E33: cosmic_entity | F33: participates_in | G33: участвует в | H33: st.p3.sun_would_grow_sated_without_triad | I33: без триады солнце пресытилось бы светом и путем | J33: state | K33: source_linked | L33: 1,1,1,3 | N33: 3 | O33: 3 | P33: [3] | Q33: |p3| | R33: seg.1.1.1.3 | S33: de+ru+en | T33: local_chain | U33: условная конструкция пресыщения
A34: m023 | B34: source_edge | C34: st.p3.sun_would_grow_sated_without_triad | D34: без триады солнце пресытилось бы светом и путем | E34: state | F34: concerns | G34: касается | H34: n.light | I34: свет | J34: quality-substance | K34: source_linked | L34: 1,1,1,3 | N34: 3 | O34: 3 | P34: [3] | Q34: |p3| | R34: seg.1.1.1.3 | S34: de+ru+en | T34: local_chain
A35: m024 | B35: source_edge | C35: st.p3.sun_would_grow_sated_without_triad | D35: без триады солнце пресытилось бы светом и путем | E35: state | F35: concerns | G35: касается | H35: n.path | I35: путь | J35: route | K35: source_linked | L35: 1,1,1,3 | N35: 3 | O35: 3 | P35: [3] | Q35: |p3| | R35: seg.1.1.1.3 | S35: de+ru+en | T35: local_chain
A36: m025 | B36: source_edge | C36: st.p3.sun_would_grow_sated_without_triad | D36: без триады солнце пресытилось бы светом и путем | E36: state | F36: prevented_by | G36: предотвращается через | H36: n.triad_zarathustra_eagle_serpent | I36: Заратустра + орёл + змея | J36: collective_subject | K36: source_linked | L36: 1,1,1,3 | N36: 3 | O36: 3 | P36: [3] | Q36: |p3| | R36: seg.1.1.1.3 | S36: de+ru+en | T36: local_chain
A37: m026 | B37: source_edge | C37: n.triad_zarathustra_eagle_serpent | D37: Заратустра + орёл + змея | E37: collective_subject | F37: includes | G37: включает | H37: n.zarathustra | I37: Заратустра | J37: persona | K37: source_linked | L37: 1,1,1,3 | N37: 3 | O37: 3 | P37: [3] | Q37: |p3| | R37: seg.1.1.1.3 | S37: de+ru+en | T37: local_chain
A38: m027 | B38: source_edge | C38: n.triad_zarathustra_eagle_serpent | D38: Заратустра + орёл + змея | E38: collective_subject | F38: includes | G38: включает | H38: n.eagle | I38: орёл | J38: animal-symbol | K38: source_linked | L38: 1,1,1,3 | N38: 3 | O38: 3 | P38: [3] | Q38: |p3| | R38: seg.1.1.1.3 | S38: de+ru+en | T38: local_chain
A39: m028 | B39: source_edge | C39: n.triad_zarathustra_eagle_serpent | D39: Заратустра + орёл + змея | E39: collective_subject | F39: includes | G39: включает | H39: n.serpent | I39: змея | J39: animal-symbol | K39: source_linked | L39: 1,1,1,3 | N39: 3 | O39: 3 | P39: [3] | Q39: |p3| | R39: seg.1.1.1.3 | S39: de+ru+en | T39: local_chain
A40: m029 | B40: source_edge | C40: n.triad_zarathustra_eagle_serpent | D40: Заратустра + орёл + змея | E40: collective_subject | F40: performs | G40: совершает | H40: ev.p4.morning_wait_for_sun | I40: утреннее ожидание солнца | J40: event | K40: source_linked | L40: 1,1,1,4 | N40: 4 | O40: 4 | P40: [4] | Q40: |p4| | R40: seg.1.1.1.4 | S40: de+ru+en | T40: local_chain
A41: m030 | B41: source_edge | C41: ev.p4.morning_wait_for_sun | D41: утреннее ожидание солнца | E41: event | F41: occurs_every | G41: повторяется каждое | H41: n.morning | I41: утро | J41: time | K41: source_linked | L41: 1,1,1,4 | N41: 4 | O41: 4 | P41: [4] | Q41: |p4| | R41: seg.1.1.1.4 | S41: de+ru+en | T41: local_chain
A42: m031 | B42: source_edge | C42: ev.p4.morning_wait_for_sun | D42: утреннее ожидание солнца | E42: event | F42: targets | G42: направлено к | H42: n.sun | I42: солнце / великое светило | J42: cosmic_entity | K42: source_linked | L42: 1,1,1,4 | N42: 4 | O42: 4 | P42: [4] | Q42: |p4| | R42: seg.1.1.1.4 | S42: de+ru+en | T42: local_chain
A43: m032 | B43: source_edge | C43: n.triad_zarathustra_eagle_serpent | D43: Заратустра + орёл + змея | E43: collective_subject | F43: performs | G43: совершает | H43: ev.p4.receive_overflow_from_sun | I43: принятие избытка солнца | J43: event | K43: source_linked | L43: 1,1,1,4 | N43: 4 | O43: 4 | P43: [4] | Q43: |p4| | R43: seg.1.1.1.4 | S43: de+ru+en | T43: local_chain
A44: m033 | B44: source_edge | C44: ev.p4.receive_overflow_from_sun | D44: принятие избытка солнца | E44: event | F44: receives | G44: получает | H44: n.overflow | I44: избыток / overflow | J44: abundance | K44: source_linked | L44: 1,1,1,4 | N44: 4 | O44: 4 | P44: [4] | Q44: |p4| | R44: seg.1.1.1.4 | S44: de+ru+en | T44: local_chain
A45: m034 | B45: source_edge | C45: ev.p4.receive_overflow_from_sun | D45: принятие избытка солнца | E45: event | F45: from | G45: от | H45: n.sun | I45: солнце / великое светило | J45: cosmic_entity | K45: source_linked | L45: 1,1,1,4 | N45: 4 | O45: 4 | P45: [4] | Q45: |p4| | R45: seg.1.1.1.4 | S45: de+ru+en | T45: local_chain
... A48: m037 | B48: source_edge | C48: ev.p4.bless_sun_for_overflow | D48: благословение солнца за избыток | E48: event | F48: for | G48: за / по причине | H48: n.overflow | I48: избыток / overflow | J48: abundance | K48: source_linked | L48: 1,1,1,4 | N48: 4 | O48: 4 | P48: [4] | Q48: |p4| | R48: seg.1.1.1.4 | S48: de+ru+en | T48: local_chain
A49: m038 | B49: bridge_edge | C49: ev.p4.receive_overflow_from_sun | D49: принятие избытка солнца | E49: event | F49: prefigures | G49: предвосхищает | H49: st.p5.overfull_wisdom | I49: пресыщение мудростью | J49: state | K49: source_linked | L49: 1,1,1,4 | M49: 1,1,1,5 | N49: 4 | O49: 5 | P49: [4]-[5] | Q49: |p4|p5| | R49: seg.1.1.1.4|seg.1.1.1.5 | S49: de+ru+en | T49: reasoning_bridge | U49: внешний overflow затем становится внутренним
A50: m039 | B50: source_edge | C50: n.zarathustra | D50: Заратустра | E50: persona | F50: enters_state | G50: входит в состояние | H50: st.p5.overfull_wisdom | I50: пресыщение мудростью | J50: state | K50: source_linked | L50: 1,1,1,5 | N50: 5 | O50: 5 | P50: [5] | Q50: |p5| | R50: seg.1.1.1.5 | S50: de+ru+en | T50: local_chain
A51: m040 | B51: source_edge | C51: st.p5.overfull_wisdom | D51: пресыщение мудростью | E51: state | F51: concerns | G51: касается | H51: n.wisdom | I51: мудрость | J51: concept | K51: source_linked | L51: 1,1,1,5 | N51: 5 | O51: 5 | P51: [5] | Q51: |p5| | R51: seg.1.1.1.5 | S51: de+ru+en | T51: local_chain
A52: m041 | B52: source_edge | C52: ev.p5.bee_honey_analogy | D52: аналогия пчелы и мёда | E52: analogy | F52: compares_state_to | G52: сравнивает состояние с | H52: st.p5.overfull_wisdom | I52: пресыщение мудростью | J52: state | K52: source_linked | L52: 1,1,1,5 | N52: 5 | O52: 5 | P52: [5] | Q52: |p5| | R52: seg.1.1.1.5 | S52: de+ru+en | T52: local_chain | U52: образ удерживает логику накопления
A53: m042 | B53: source_edge | C53: ev.p5.bee_honey_analogy | D53: аналогия пчелы и мёда | E53: analogy | F53: uses_image_of | G53: использует образ | H53: n.bee | I53: пчела | J53: analogy-animal | K53: source_linked | L53: 1,1,1,5 | N53: 5 | O53: 5 | P53: [5] | Q53: |p5| | R53: seg.1.1.1.5 | S53: de+ru+en | T53: local_chain
A54: m043 | B54: source_edge | C54: n.bee | D54: пчела | E54: analogy-animal | F54: gathers | G54: собирает | H54: n.honey | I54: мёд | J54: substance | K54: source_linked | L54: 1,1,1,5 | N54: 5 | O54: 5 | P54: [5] | Q54: |p5| | R54: seg.1.1.1.5 | S54: de+ru+en | T54: local_chain
A55: m044 | B55: source_edge | C55: n.honey | D55: мёд | E55: substance | F55: has_quantity | G55: имеет количество | H55: literal.too_much | I55: слишком много | J55: literal | K55: source_linked | L55: 1,1,1,5 | N55: 5 | O55: 5 | P55: [5] | Q55: |p5| | R55: seg.1.1.1.5 | S55: de+ru+en | T55: local_chain
A56: m045 | B56: bridge_edge | C56: st.p5.overfull_wisdom | D56: пресыщение мудростью | E56: state | F56: leads_to | G56: ведёт к | H56: ev.p5_6.need_hands_for_giving | I56: нужда в простёртых руках ради дара | J56: event | K56: source_linked | L56: 1,1,1,5 | M56: 1,1,1,6 | N56: 5 | O56: 6 | P56: [5]-[6] | Q56: |p5|p6| | R56: seg.1.1.1.5|seg.1.1.1.6 | S56: de+ru+en | T56: multi_anchor | U56: избыток ищет адресата
A57: m046 | B57: source_edge | C57: n.zarathustra | D57: Заратустра | E57: persona | F57: performs | G57: совершает | H57: ev.p5_6.need_hands_for_giving | I57: нужда в простёртых руках ради дара | J57: event | K57: source_linked | L57: 1,1,1,5 | M57: 1,1,1,6 | N57: 5 | O57: 6 | P57: [5]-[6] | Q57: |p5|p6| | R57: seg.1.1.1.5|seg.1.1.1.6 | S57: de+ru+en | T57: multi_anchor
A58: m047 | B58: source_edge | C58: ev.p5_6.need_hands_for_giving | D58: нужда в простёртых руках ради дара | E58: event | F58: requires | G58: требует | H58: n.outstretched_hands | I58: простёртые руки | J58: recipient-interface | K58: source_linked | L58: 1,1,1,5 | M58: 1,1,1,6 | N58: 5 | O58: 6 | P58: [5]-[6] | Q58: |p5|p6| | R58: seg.1.1.1.5|seg.1.1.1.6 | S58: de+ru+en | T58: multi_anchor
A59: m048 | B59: source_edge | C59: ev.p5_6.need_hands_for_giving | D59: нужда в простёртых руках ради дара | E59: event | F59: motivated_by | G59: движимо | H59: st.p5.overfull_wisdom | I59: пресыщение мудростью | J59: state | K59: source_linked | L59: 1,1,1,5 | M59: 1,1,1,6 | N59: 5 | O59: 6 | P59: [5]-[6] | Q59: |p5|p6| | R59: seg.1.1.1.5|seg.1.1.1.6 | S59: de+ru+en | T59: multi_anchor
A60: m049 | B60: source_edge | C60: n.zarathustra | D60: Заратустра | E60: persona | F60: performs | G60: совершает | H60: ev.p6.bestow_and_distribute | I60: одаривать и раздавать | J60: event | K60: source_linked | L60: 1,1,1,6 | N60: 6 | O60: 6 | P60: [6] | Q60: |p6| | R60: seg.1.1.1.6 | S60: de+ru+en | T60: local_chain
A61: m050 | B61: source_edge | C61: ev.p6.bestow_and_distribute | D61: одаривать и раздавать | E61: event | F61: has_mode | G61: имеет модус | H61: n.bestowal | I61: одаривание | J61: act-mode | K61: source_linked | L61: 1,1,1,6 | N61: 6 | O61: 6 | P61: [6] | Q61: |p6| | R61: seg.1.1.1.6 | S61: de+ru+en | T61: local_chain
A62: m051 | B62: source_edge | C62: ev.p6.bestow_and_distribute | D62: одаривать и раздавать | E62: event | F62: has_mode | G62: имеет модус | H62: n.distribution | I62: раздача | J62: act-mode | K62: source_linked | L62: 1,1,1,6 | N62: 6 | O62: 6 | P62: [6] | Q62: |p6| | R62: seg.1.1.1.6 | S62: de+ru+en | T62: local_chain
A63: m052 | B63: source_edge | C63: ev.p6.bestow_and_distribute | D63: одаривать и раздавать | E63: event | F63: targets | G63: направлено к | H63: n.humans | I63: люди | J63: relational_group | K63: source_linked | L63: 1,1,1,6 | N63: 6 | O63: 6 | P63: [6] | Q63: |p6| | R63: seg.1.1.1.6 | S63: de+ru+en | T63: local_chain
A64: m053 | B64: source_edge | C64: ev.p6.bestow_and_distribute | D64: одаривать и раздавать | E64: event | F64: continues_until | G64: длится до | H64: st.p6.revaluation_of_joy | I64: переоценка радости и меры | J64: state | K64: source_linked | L64: 1,1,1,6 | N64: 6 | O64: 6 | P64: [6] | Q64: |p6| | R64: seg.1.1.1.6 | S64: de+ru+en | T64: local_chain
A65: m054 | B65: source_edge | C65: st.p6.revaluation_of_joy | D65: переоценка радости и меры | E65: state | F65: affects | G65: затрагивает | H65: n.wise_among_humans | I65: мудрые среди людей | J65: subgroup | K65: source_linked | L65: 1,1,1,6 | N65: 6 | O65: 6 | P65: [6] | Q65: |p6| | R65: seg.1.1.1.6 | S65: de+ru+en | T65: local_chain
A66: m055 | B66: source_edge | C66: n.wise_among_humans | D66: мудрые среди людей | E66: subgroup | F66: subset_of | G66: является подмножеством | H66: n.humans | I66: люди | J66: relational_group | K66: source_linked | L66: 1,1,1,6 | N66: 6 | O66: 6 | P66: [6] | Q66: |p6| | R66: seg.1.1.1.6 | S66: de+ru+en | T66: local_chain
A67: m056 | B67: source_edge | C67: n.wise_among_humans | D67: мудрые среди людей | E67: subgroup | F67: becomes_glad_of | G67: становится радостным о | H67: n.folly | I67: глупость / Thorheit | J67: concept-tension | K67: source_linked | L67: 1,1,1,6 | N67: 6 | O67: 6 | P67: [6] | Q67: |p6| | R67: seg.1.1.1.6 | S67: de+ru+en | T67: local_chain
A68: m057 | B68: source_edge | C68: st.p6.revaluation_of_joy | D68: переоценка радости и меры | E68: state | F68: affects | G68: затрагивает | H68: n.poor_among_humans | I68: бедные среди людей | J68: subgroup | K68: source_linked | L68: 1,1,1,6 | N68: 6 | O68: 6 | P68: [6] | Q68: |p6| | R68: seg.1.1.1.6 | S68: de+ru+en | T68: local_chain
A69: m058 | B69: source_edge | C69: n.poor_among_humans | D69: бедные среди людей | E69: subgroup | F69: subset_of | G69: является подмножеством | H69: n.humans | I69: люди | J69: relational_group | K69: source_linked | L69: 1,1,1,6 | N69: 6 | O69: 6 | P69: [6] | Q69: |p6| | R69: seg.1.1.1.6 | S69: de+ru+en | T69: local_chain
A70: m059 | B70: source_edge | C70: n.poor_among_humans | D70: бедные среди людей | E70: subgroup | F70: becomes_glad_of | G70: становится радостным о | H70: n.wealth | I70: богатство | J70: concept | K70: source_linked | L70: 1,1,1,6 | N70: 6 | O70: 6 | P70: [6] | Q70: |p6| | R70: seg.1.1.1.6 | S70: de+ru+en | T70: local_chain
A71: m060 | B71: bridge_edge | C71: ev.p6.bestow_and_distribute | D71: одаривать и раздавать | E71: event | F71: leads_to | G71: ведёт к | H71: ev.p7.descend_into_depth | I71: спуск в глубину | J71: event | K71: source_linked | L71: 1,1,1,6 | M71: 1,1,1,7 | N71: 6 | O71: 7 | P71: [6]-[7] | Q71: |p6|p7| | R71: seg.1.1.1.6|seg.1.1.1.7 | S71: de+ru+en | T71: reasoning_bridge | U71: дар требует движения вниз
A72: m061 | B72: source_edge | C72: n.zarathustra | D72: Заратустра | E72: persona | F72: performs | G72: совершает | H72: ev.p7.descend_into_depth | I72: спуск в глубину | J72: event | K72: source_linked | L72: 1,1,1,7 | N72: 7 | O72: 7 | P72: [7] | Q72: |p7| | R72: seg.1.1.1.7 | S72: de+ru+en | T72: local_chain
A73: m062 | B73: source_edge | C73: ev.p7.descend_into_depth | D73: спуск в глубину | E73: event | F73: destination | G73: направляется в | H73: n.depth | I73: глубина | J73: destination-symbol | K73: source_linked | L73: 1,1,1,7 | N73: 7 | O73: 7 | P73: [7] | Q73: |p7| | R73: seg.1.1.1.7 | S73: de+ru+en | T73: local_chain
A74: m063 | B74: source_edge | C74: ev.p7.descend_into_depth | D74: спуск в глубину | E74: event | F74: motivated_by | G74: движимо | H74: ev.p6.bestow_and_distribute | I74: одаривать и раздавать | J74: event | K74: source_linked | L74: 1,1,1,6 | M74: 1,1,1,7 | N74: 6 | O74: 7 | P74: [6]-[7] | Q74: |p6|p7| | R74: seg.1.1.1.6|seg.1.1.1.7 | S74: de+ru+en | T74: multi_anchor
A75: m064 | B75: source_edge | C75: n.sun | D75: солнце / великое светило | E75: cosmic_entity | F75: participates_in | G75: участвует в | H75: ev.p7.sun_evening_underworld_light | I75: вечерний ход солнца за море с несением света | J75: event | K75: source_linked | L75: 1,1,1,7 | N75: 7 | O75: 7 | P75: [7] | Q75: |p7| | R75: seg.1.1.1.7 | S75: de+ru+en | T75: local_chain
A76: m065 | B76: source_edge | C76: ev.p7.sun_evening_underworld_light | D76: вечерний ход солнца за море с несением света | E76: event | F76: occurs_in | G76: происходит в | H76: n.evening | I76: вечер | J76: time-symbol | K76: source_linked | L76: 1,1,1,7 | N76: 7 | O76: 7 | P76: [7] | Q76: |p7| | R76: seg.1.1.1.7 | S76: de+ru+en | T76: local_chain
A77: m066 | B77: source_edge | C77: ev.p7.sun_evening_underworld_light | D77: вечерний ход солнца за море с несением света | E77: event | F77: moves_beyond | G77: уходит за | H77: n.sea | I77: море | J77: threshold-place | K77: source_linked | L77: 1,1,1,7 | N77: 7 | O77: 7 | P77: [7] | Q77: |p7| | R77: seg.1.1.1.7 | S77: de+ru+en | T77: local_chain
A78: m067 | B78: source_edge | C78: ev.p7.sun_evening_underworld_light | D78: вечерний ход солнца за море с несением света | E78: event | F78: carries | G78: несёт | H78: n.light | I78: свет | J78: quality-substance | K78: source_linked | L78: 1,1,1,7 | N78: 7 | O78: 7 | P78: [7] | Q78: |p7| | R78: seg.1.1.1.7 | S78: de+ru+en | T78: local_chain
A79: m068 | B79: source_edge | C79: ev.p7.sun_evening_underworld_light | D79: вечерний ход солнца за море с несением света | E79: event | F79: destination | G79: направляется в | H79: n.underworld | I79: подземный мир | J79: underworld-domain | K79: source_linked | L79: 1,1,1,7 | N79: 7 | O79: 7 | P79: [7] | Q79: |p7| | R79: seg.1.1.1.7 | S79: de+ru+en | T79: local_chain
A80: m069 | B80: source_edge | C80: ev.p7_8.descent_named_as_go_under | D80: нисхождение, названное закатом | E80: event | F80: parallels | G80: параллелен | H80: ev.p7.descend_into_depth | I80: спуск в глубину | J80: event | K80: source_linked | L80: 1,1,1,7 | M80: 1,1,1,8 | N80: 7 | O80: 8 | P80: [7]-[8] | Q80: |p7|p8| | R80: seg.1.1.1.7|seg.1.1.1.8 | S80: de+ru+en | T80: multi_anchor
A81: m070 | B81: source_edge | C81: ev.p7_8.descent_named_as_go_under | D81: нисхождение, названное закатом | E81: event | F81: uses_surface | G81: использует языковую поверхность | H81: n.go_under | I81: закатиться / untergehen / go under | J81: hinge-term | K81: source_linked | L81: 1,1,1,7 | M81: 1,1,1,8 | N81: 7 | O81: 8 | P81: [7]-[8] | Q81: |p7|p8| | R81: seg.1.1.1.7|seg.1.1.1.8 | S81: de+ru+en | T81: multi_anchor
A82: m071 | B82: source_edge | C82: n.humans | D82: люди | E82: relational_group | F82: names_descent_as | G82: называет нисхождение как | H82: n.go_under | I82: закатиться / untergehen / go under | J82: hinge-term | K82: source_linked | L82: 1,1,1,8 | N82: 8 | O82: 8 | P82: [8] | Q82: |p8| | R82: seg.1.1.1.8 | S82: de+ru+en | T82: local_chain | U82: человеческое имя для нисхождения
A83: m072 | B83: source_edge | C83: n.zarathustra | D83: Заратустра | E83: persona | F83: performs | G83: совершает | H83: ev.p8.go_under_to_humans | I83: закатиться к людям | J83: event | K83: source_linked | L83: 1,1,1,8 | N83: 8 | O83: 8 | P83: [8] | Q83: |p8| | R83: seg.1.1.1.8 | S83: de+ru+en | T83: local_chain
A84: m073 | B84: source_edge | C84: ev.p8.go_under_to_humans | D84: закатиться к людям | E84: event | F84: targets | G84: направлено к | H84: n.humans | I84: люди | J84: relational_group | K84: source_linked | L84: 1,1,1,8 | N84: 8 | O84: 8 | P84: [8] | Q84: |p8| | R84: seg.1.1.1.8 | S84: de+ru+en | T84: local_chain
A85: m074 | B85: source_edge | C85: ev.p8.go_under_to_humans | D85: закатиться к людям | E85: event | F85: mirrors | G85: отзеркаливает | H85: ev.p7.sun_evening_underworld_light | I85: вечерний ход солнца за море с несением света | J85: event | K85: source_linked | L85: 1,1,1,7 | M85: 1,1,1,8 | N85: 7 | O85: 8 | P85: [7]-[8] | Q85: |p7|p8| | R85: seg.1.1.1.7|seg.1.1.1.8 | S85: de+ru+en | T85: reasoning_bridge
A86: m075 | B86: bridge_edge | C86: ev.p8.go_under_to_humans | D86: закатиться к людям | E86: event | F86: prepares | G86: подготавливает | H86: ev.p9.request_blessing_from_tranquil_eye | I86: просьба о благословении к спокойному оку | J86: event | K86: source_linked | L86: 1,1,1,8 | M86: 1,1,1,9 | N86: 8 | O86: 9 | P86: [8]-[9] | Q86: |p8|p9| | R86: seg.1.1.1.8|seg.1.1.1.9 | S86: de+ru+en | T86: reasoning_bridge
A87: m076 | B87: source_edge | C87: n.zarathustra | D87: Заратустра | E87: persona | F87: performs | G87: совершает | H87: ev.p9.request_blessing_from_tranquil_eye | I87: просьба о благословении к спокойному оку | J87: event | K87: source_linked | L87: 1,1,1,9 | N87: 9 | O87: 9 | P87: [9] | Q87: |p9| | R87: seg.1.1.1.9 | S87: de+ru+en | T87: local_chain
A88: m077 | B88: source_edge | C88: ev.p9.request_blessing_from_tranquil_eye | D88: просьба о благословении к спокойному оку | E88: event | F88: addresses | G88: обращается к | H88: n.tranquil_eye | I88: спокойное око | J88: solar-aspect | K88: source_linked | L88: 1,1,1,9 | N88: 9 | O88: 9 | P88: [9] | Q88: |p9| | R88: seg.1.1.1.9 | S88: de+ru+en | T88: local_chain
A89: m078 | B89: source_edge | C89: n.tranquil_eye | D89: спокойное око | E89: solar-aspect | F89: aspect_of | G89: является аспектом | H89: n.sun | I89: солнце / великое светило | J89: cosmic_entity | K89: source_linked | L89: 1,1,1,9 | N89: 9 | O89: 9 | P89: [9] | Q89: |p9| | R89: seg.1.1.1.9 | S89: de+ru+en | T89: local_chain | U89: солнечный образ сужен до ока
A90: m079 | B90: source_edge | C90: n.tranquil_eye | D90: спокойное око | E90: solar-aspect | F90: participates_in | G90: участвует в | H90: st.p9.tranquil_eye_without_envy | I90: спокойное око без зависти | J90: state | K90: source_linked | L90: 1,1,1,9 | N90: 9 | O90: 9 | P90: [9] | Q90: |p9| | R90: seg.1.1.1.9 | S90: de+ru+en | T90: local_chain
A91: m080 | B91: source_edge | C91: st.p9.tranquil_eye_without_envy | D91: спокойное око без зависти | E91: state | F91: beholds | G91: созерцает | H91: n.all_too_great_happiness | I91: чрезмерно большое счастье | J91: quality | K91: source_linked | L91: 1,1,1,9 | N91: 9 | O91: 9 | P91: [9] | Q91: |p9| | R91: seg.1.1.1.9 | S91: de+ru+en | T91: local_chain
A92: m081 | B92: source_edge | C92: st.p9.tranquil_eye_without_envy | D92: спокойное око без зависти | E92: state | F92: excludes | G92: исключает | H92: n.envy | I92: зависть | J92: negative-affect | K92: source_linked | L92: 1,1,1,9 | N92: 9 | O92: 9 | P92: [9] | Q92: |p9| | R92: seg.1.1.1.9 | S92: de+ru+en | T92: local_chain
A93: m082 | B93: source_edge | C93: ev.p9.request_blessing_from_tranquil_eye | D93: просьба о благословении к спокойному оку | E93: event | F93: asks_for | G93: просит | H93: n.blessing | I93: благословение | J93: act | K93: source_linked | L93: 1,1,1,9 | N93: 9 | O93: 9 | P93: [9] | Q93: |p9| | R93: seg.1.1.1.9 | S93: de+ru+en | T93: local_chain
A94: m083 | B94: bridge_edge | C94: ev.p9.request_blessing_from_tranquil_eye | D94: просьба о благословении к спокойному оку | E94: event | F94: prepares | G94: подготавливает | H94: ev.p10.request_blessing_of_cup | I94: просьба благословить чашу | J94: event | K94: source_linked | L94: 1,1,1,9 | M94: 1,1,1,10 | N94: 9 | O94: 10 | P94: [9]-[10] | Q94: |p9|p10| | R94: seg.1.1.1.9|seg.1.1.1.10 | S94: de+ru+en | T94: reasoning_bridge
A95: m084 | B95: source_edge | C95: n.zarathustra | D95: Заратустра | E95: persona | F95: performs | G95: совершает | H95: ev.p10.request_blessing_of_cup | I95: просьба благословить чашу | J95: event | K95: source_linked | L95: 1,1,1,10 | N95: 10 | O95: 10 | P95: [10] | Q95: |p10| | R95: seg.1.1.1.10 | S95: de+ru+en | T95: local_chain
A96: m085 | B96: source_edge | C96: ev.p10.request_blessing_of_cup | D96: просьба благословить чашу | E96: event | F96: addresses | G96: обращается к | H96: n.tranquil_eye | I96: спокойное око | J96: solar-aspect | K96: source_linked | L96: 1,1,1,10 | N96: 10 | O96: 10 | P96: [10] | Q96: |p10| | R96: seg.1.1.1.10 | S96: de+ru+en | T96: local_chain
A97: m086 | B97: source_edge | C97: ev.p10.request_blessing_of_cup | D97: просьба благословить чашу | E97: event | F97: targets | G97: направлено к | H97: n.cup | I97: чаша | J97: vessel-symbol | K97: source_linked | L97: 1,1,1,10 | N97: 10 | O97: 10 | P97: [10] | Q97: |p10| | R97: seg.1.1.1.10 | S97: de+ru+en | T97: local_chain
A98: m087 | B98: source_edge | C98: n.cup | D98: чаша | E98: vessel-symbol | F98: participates_in | G98: участвует в | H98: st.p10.cup_wants_to_overflow | I98: чаша хочет перелиться | J98: state | K98: source_linked | L98: 1,1,1,10 | N98: 10 | O98: 10 | P98: [10] | Q98: |p10| | R98: seg.1.1.1.10 | S98: de+ru+en | T98: local_chain
A99: m088 | B99: source_edge | C99: st.p10.cup_wants_to_overflow | D99: чаша хочет перелиться | E99: state | F99: aims_at | G99: устремлено к | H99: n.overflow | I99: избыток / overflow | J99: abundance | K99: source_linked | L99: 1,1,1,10 | N99: 10 | O99: 10 | P99: [10] | Q99: |p10| | R99: seg.1.1.1.10 | S99: de+ru+en | T99: local_chain
A100: m089 | B100: source_edge | C100: n.cup | D100: чаша | E100: vessel-symbol | F100: participates_in | G100: участвует в | H100: ev.p10.golden_water_flows | I100: золотистая влага течёт из чаши | J100: event | K100: source_linked | L100: 1,1,1,10 | N100: 10 | O100: 10 | P100: [10] | Q100: |p10| | R100: seg.1.1.1.10 | S100: de+ru+en | T100: local_chain
A101: m090 | B101: source_edge | C101: ev.p10.golden_water_flows | D101: золотистая влага течёт из чаши | E101: event | F101: carries | G101: несёт | H101: n.water | I101: влага / вода | J101: substance | K101: source_linked | L101: 1,1,1,10 | N101: 10 | O101: 10 | P101: [10] | Q101: |p10| | R101: seg.1.1.1.10 | S101: de+ru+en | T101: local_chain
A102: m091 | B102: source_edge | C102: ev.p10.golden_water_flows | D102: золотистая влага течёт из чаши | E102: event | F102: has_quality | G102: имеет качество | H102: n.gold | I102: золото / золотистость | J102: quality | K102: source_linked | L102: 1,1,1,10 | N102: 10 | O102: 10 | P102: [10] | Q102: |p10| | R102: seg.1.1.1.10 | S102: de+ru+en | T102: local_chain
A103: m092 | B103: source_edge | C103: ev.p10.golden_water_flows | D103: золотистая влага течёт из чаши | E103: event | F103: originates_from | G103: истекает из | H103: n.cup | I103: чаша | J103: vessel-symbol | K103: source_linked | L103: 1,1,1,10 | N103: 10 | O103: 10 | P103: [10] | Q103: |p10| | R103: seg.1.1.1.10 | S103: de+ru+en | T103: local_chain
A104: m093 | B104: bridge_edge | C104: ev.p10.golden_water_flows | D104: золотистая влага течёт из чаши | E104: event | F104: leads_to | G104: ведёт к | H104: ev.p10.reflection_of_bliss_is_carried | I104: отблеск отрады несётся повсюду | J104: event | K104: source_linked | L104: 1,1,1,10 | N104: 10 | O104: 10 | P104: [10] | Q104: |p10| | R104: seg.1.1.1.10 | S104: de+ru+en | T104: reasoning_bridge
...

Sheet 16_Master_покрытие_1_12
A1: Coverage_view и аудит master-таблицы
A2: Generated coverage view. Read-only serving layer: формулы используют growth-safe ceiling ranges до 5000 строк master, без привязки к текущему концу.
A4: Файл-источник | B4: zarathustra_prologue_1_de_ru_en_merged.md
A5: Master sheet | B5: 15_Master_связность_1_12
A6: Всего строк | B6: ='15_Master_связность_1_12'!B5
A9: Абзац | B9: segment_id | C9: Всего строк | D9: source_edge | E9: bridge_edge | F9: principle_edge
A10: [1] | B10: seg.1.1.1.1 | C10: =COUNTIFS('15_Master_связность_1_12'!$N$12:$N$5000,"<="&VALUE(MID($A10,2,LEN($A10)-2)),'15_Master_связность_1_12'!$O$12:$O$5000,">="&VALUE(MID($A10,2,LEN($A10)-2))) | D10: =COUNTIFS('15_Master_связность_1_12'!$N$12:$N$5000,"<="&VALUE(MID($A10,2,LEN($A10)-2)),'15_Master_связность_1_12'!$O$12:$O$5000,">="&VALUE(MID($A10,2,LEN($A10)-2)),'15_Master_связность_1_12'!$B$12:$B$5000,"source_edge") | E10: =COUNTIFS('15_Master_связность_1_12'!$N$12:$N$5000,"<="&VALUE(MID($A10,2,LEN($A10)-2)),'15_Master_связность_1_12'!$O$12:$O$5000,">="&VALUE(MID($A10,2,LEN($A10)-2)),'15_Master_связность_1_12'!$B$12:$B$5000,"bridge_edge") | F10: =COUNTIFS('15_Master_связность_1_12'!$N$12:$N$5000,"<="&VALUE(MID($A10,2,LEN($A10)-2)),'15_Master_связность_1_12'!$O$12:$O$5000,">="&VALUE(MID($A10,2,LEN($A10)-2)),'15_Master_связность_1_12'!$B$12:$B$5000,"principle_edge")
A11: [2] | B11: seg.1.1.1.2 | C11: =COUNTIFS('15_Master_связность_1_12'!$N$12:$N$5000,"<="&VALUE(MID($A11,2,LEN($A11)-2)),'15_Master_связность_1_12'!$O$12:$O$5000,">="&VALUE(MID($A11,2,LEN($A11)-2))) | D11: =COUNTIFS('15_Master_связность_1_12'!$N$12:$N$5000,"<="&VALUE(MID($A11,2,LEN($A11)-2)),'15_Master_связность_1_12'!$O$12:$O$5000,">="&VALUE(MID($A11,2,LEN($A11)-2)),'15_Master_связность_1_12'!$B$12:$B$5000,"source_edge") | E11: =COUNTIFS('15_Master_связность_1_12'!$N$12:$N$5000,"<="&VALUE(MID($A11,2,LEN($A11)-2)),'15_Master_связность_1_12'!$O$12:$O$5000,">="&VALUE(MID($A11,2,LEN($A11)-2)),'15_Master_связность_1_12'!$B$12:$B$5000,"bridge_edge") | F11: =COUNTIFS('15_Master_связность_1_12'!$N$12:$N$5000,"<="&VALUE(MID($A11,2,LEN($A11)-2)),'15_Master_связность_1_12'!$O$12:$O$5000,">="&VALUE(MID($A11,2,LEN($A11)-2)),'15_Master_связность_1_12'!$B$12:$B$5000,"principle_edge")
A12: [3] | B12: seg.1.1.1.3 | C12: =COUNTIFS('15_Master_связность_1_12'!$N$12:$N$5000,"<="&VALUE(MID($A12,2,LEN($A12)-2)),'15_Master_связность_1_12'!$O$12:$O$5000,">="&VALUE(MID($A12,2,LEN($A12)-2))) | D12: =COUNTIFS('15_Master_связность_1_12'!$N$12:$N$5000,"<="&VALUE(MID($A12,2,LEN($A12)-2)),'15_Master_связность_1_12'!$O$12:$O$5000,">="&VALUE(MID($A12,2,LEN($A12)-2)),'15_Master_связность_1_12'!$B$12:$B$5000,"source_edge") | E12: =COUNTIFS('15_Master_связность_1_12'!$N$12:$N$5000,"<="&VALUE(MID($A12,2,LEN($A12)-2)),'15_Master_связность_1_12'!$O$12:$O$5000,">="&VALUE(MID($A12,2,LEN($A12)-2)),'15_Master_связность_1_12'!$B$12:$B$5000,"bridge_edge") | F12: =COUNTIFS('15_Master_связность_1_12'!$N$12:$N$5000,"<="&VALUE(MID($A12,2,LEN($A12)-2)),'15_Master_связность_1_12'!$O$12:$O$5000,">="&VALUE(MID($A12,2,LEN($A12)-2)),'15_Master_связность_1_12'!$B$12:$B$5000,"principle_edge")
A13: [4] | B13: seg.1.1.1.4 | C13: =COUNTIFS('15_Master_связность_1_12'!$N$12:$N$5000,"<="&VALUE(MID($A13,2,LEN($A13)-2)),'15_Master_связность_1_12'!$O$12:$O$5000,">="&VALUE(MID($A13,2,LEN($A13)-2))) | D13: =COUNTIFS('15_Master_связность_1_12'!$N$12:$N$5000,"<="&VALUE(MID($A13,2,LEN($A13)-2)),'15_Master_связность_1_12'!$O$12:$O$5000,">="&VALUE(MID($A13,2,LEN($A13)-2)),'15_Master_связность_1_12'!$B$12:$B$5000,"source_edge") | E13: =COUNTIFS('15_Master_связность_1_12'!$N$12:$N$5000,"<="&VALUE(MID($A13,2,LEN($A13)-2)),'15_Master_связность_1_12'!$O$12:$O$5000,">="&VALUE(MID($A13,2,LEN($A13)-2)),'15_Master_связность_1_12'!$B$12:$B$5000,"bridge_edge") | F13: =COUNTIFS('15_Master_связность_1_12'!$N$12:$N$5000,"<="&VALUE(MID($A13,2,LEN($A13)-2)),'15_Master_связность_1_12'!$O$12:$O$5000,">="&VALUE(MID($A13,2,LEN($A13)-2)),'15_Master_связность_1_12'!$B$12:$B$5000,"principle_edge")
A14: [5] | B14: seg.1.1.1.5 | C14: =COUNTIFS('15_Master_связность_1_12'!$N$12:$N$5000,"<="&VALUE(MID($A14,2,LEN($A14)-2)),'15_Master_связность_1_12'!$O$12:$O$5000,">="&VALUE(MID($A14,2,LEN($A14)-2))) | D14: =COUNTIFS('15_Master_связность_1_12'!$N$12:$N$5000,"<="&VALUE(MID($A14,2,LEN($A14)-2)),'15_Master_связность_1_12'!$O$12:$O$5000,">="&VALUE(MID($A14,2,LEN($A14)-2)),'15_Master_связность_1_12'!$B$12:$B$5000,"source_edge") | E14: =COUNTIFS('15_Master_связность_1_12'!$N$12:$N$5000,"<="&VALUE(MID($A14,2,LEN($A14)-2)),'15_Master_связность_1_12'!$O$12:$O$5000,">="&VALUE(MID($A14,2,LEN($A14)-2)),'15_Master_связность_1_12'!$B$12:$B$5000,"bridge_edge") | F14: =COUNTIFS('15_Master_связность_1_12'!$N$12:$N$5000,"<="&VALUE(MID($A14,2,LEN($A14)-2)),'15_Master_связность_1_12'!$O$12:$O$5000,">="&VALUE(MID($A14,2,LEN($A14)-2)),'15_Master_связность_1_12'!$B$12:$B$5000,"principle_edge")
A15: [6] | B15: seg.1.1.1.6 | C15: =COUNTIFS('15_Master_связность_1_12'!$N$12:$N$5000,"<="&VALUE(MID($A15,2,LEN($A15)-2)),'15_Master_связность_1_12'!$O$12:$O$5000,">="&VALUE(MID($A15,2,LEN($A15)-2))) | D15: =COUNTIFS('15_Master_связность_1_12'!$N$12:$N$5000,"<="&VALUE(MID($A15,2,LEN($A15)-2)),'15_Master_связность_1_12'!$O$12:$O$5000,">="&VALUE(MID($A15,2,LEN($A15)-2)),'15_Master_связность_1_12'!$B$12:$B$5000,"source_edge") | E15: =COUNTIFS('15_Master_связность_1_12'!$N$12:$N$5000,"<="&VALUE(MID($A15,2,LEN($A15)-2)),'15_Master_связность_1_12'!$O$12:$O$5000,">="&VALUE(MID($A15,2,LEN($A15)-2)),'15_Master_связность_1_12'!$B$12:$B$5000,"bridge_edge") | F15: =COUNTIFS('15_Master_связность_1_12'!$N$12:$N$5000,"<="&VALUE(MID($A15,2,LEN($A15)-2)),'15_Master_связность_1_12'!$O$12:$O$5000,">="&VALUE(MID($A15,2,LEN($A15)-2)),'15_Master_связность_1_12'!$B$12:$B$5000,"principle_edge")
A16: [7] | B16: seg.1.1.1.7 | C16: =COUNTIFS('15_Master_связность_1_12'!$N$12:$N$5000,"<="&VALUE(MID($A16,2,LEN($A16)-2)),'15_Master_связность_1_12'!$O$12:$O$5000,">="&VALUE(MID($A16,2,LEN($A16)-2))) | D16: =COUNTIFS('15_Master_связность_1_12'!$N$12:$N$5000,"<="&VALUE(MID($A16,2,LEN($A16)-2)),'15_Master_связность_1_12'!$O$12:$O$5000,">="&VALUE(MID($A16,2,LEN($A16)-2)),'15_Master_связность_1_12'!$B$12:$B$5000,"source_edge") | E16: =COUNTIFS('15_Master_связность_1_12'!$N$12:$N$5000,"<="&VALUE(MID($A16,2,LEN($A16)-2)),'15_Master_связность_1_12'!$O$12:$O$5000,">="&VALUE(MID($A16,2,LEN($A16)-2)),'15_Master_связность_1_12'!$B$12:$B$5000,"bridge_edge") | F16: =COUNTIFS('15_Master_связность_1_12'!$N$12:$N$5000,"<="&VALUE(MID($A16,2,LEN($A16)-2)),'15_Master_связность_1_12'!$O$12:$O$5000,">="&VALUE(MID($A16,2,LEN($A16)-2)),'15_Master_связность_1_12'!$B$12:$B$5000,"principle_edge")
A17: [8] | B17: seg.1.1.1.8 | C17: =COUNTIFS('15_Master_связность_1_12'!$N$12:$N$5000,"<="&VALUE(MID($A17,2,LEN($A17)-2)),'15_Master_связность_1_12'!$O$12:$O$5000,">="&VALUE(MID($A17,2,LEN($A17)-2))) | D17: =COUNTIFS('15_Master_связность_1_12'!$N$12:$N$5000,"<="&VALUE(MID($A17,2,LEN($A17)-2)),'15_Master_связность_1_12'!$O$12:$O$5000,">="&VALUE(MID($A17,2,LEN($A17)-2)),'15_Master_связность_1_12'!$B$12:$B$5000,"source_edge") | E17: =COUNTIFS('15_Master_связность_1_12'!$N$12:$N$5000,"<="&VALUE(MID($A17,2,LEN($A17)-2)),'15_Master_связность_1_12'!$O$12:$O$5000,">="&VALUE(MID($A17,2,LEN($A17)-2)),'15_Master_связность_1_12'!$B$12:$B$5000,"bridge_edge") | F17: =COUNTIFS('15_Master_связность_1_12'!$N$12:$N$5000,"<="&VALUE(MID($A17,2,LEN($A17)-2)),'15_Master_связность_1_12'!$O$12:$O$5000,">="&VALUE(MID($A17,2,LEN($A17)-2)),'15_Master_связность_1_12'!$B$12:$B$5000,"principle_edge")
A18: [9] | B18: seg.1.1.1.9 | C18: =COUNTIFS('15_Master_связность_1_12'!$N$12:$N$5000,"<="&VALUE(MID($A18,2,LEN($A18)-2)),'15_Master_связность_1_12'!$O$12:$O$5000,">="&VALUE(MID($A18,2,LEN($A18)-2))) | D18: =COUNTIFS('15_Master_связность_1_12'!$N$12:$N$5000,"<="&VALUE(MID($A18,2,LEN($A18)-2)),'15_Master_связность_1_12'!$O$12:$O$5000,">="&VALUE(MID($A18,2,LEN($A18)-2)),'15_Master_связность_1_12'!$B$12:$B$5000,"source_edge") | E18: =COUNTIFS('15_Master_связность_1_12'!$N$12:$N$5000,"<="&VALUE(MID($A18,2,LEN($A18)-2)),'15_Master_связность_1_12'!$O$12:$O$5000,">="&VALUE(MID($A18,2,LEN($A18)-2)),'15_Master_связность_1_12'!$B$12:$B$5000,"bridge_edge") | F18: =COUNTIFS('15_Master_связность_1_12'!$N$12:$N$5000,"<="&VALUE(MID($A18,2,LEN($A18)-2)),'15_Master_связность_1_12'!$O$12:$O$5000,">="&VALUE(MID($A18,2,LEN($A18)-2)),'15_Master_связность_1_12'!$B$12:$B$5000,"principle_edge")
A19: [10] | B19: seg.1.1.1.10 | C19: =COUNTIFS('15_Master_связность_1_12'!$N$12:$N$5000,"<="&VALUE(MID($A19,2,LEN($A19)-2)),'15_Master_связность_1_12'!$O$12:$O$5000,">="&VALUE(MID($A19,2,LEN($A19)-2))) | D19: =COUNTIFS('15_Master_связность_1_12'!$N$12:$N$5000,"<="&VALUE(MID($A19,2,LEN($A19)-2)),'15_Master_связность_1_12'!$O$12:$O$5000,">="&VALUE(MID($A19,2,LEN($A19)-2)),'15_Master_связность_1_12'!$B$12:$B$5000,"source_edge") | E19: =COUNTIFS('15_Master_связность_1_12'!$N$12:$N$5000,"<="&VALUE(MID($A19,2,LEN($A19)-2)),'15_Master_связность_1_12'!$O$12:$O$5000,">="&VALUE(MID($A19,2,LEN($A19)-2)),'15_Master_связность_1_12'!$B$12:$B$5000,"bridge_edge") | F19: =COUNTIFS('15_Master_связность_1_12'!$N$12:$N$5000,"<="&VALUE(MID($A19,2,LEN($A19)-2)),'15_Master_связность_1_12'!$O$12:$O$5000,">="&VALUE(MID($A19,2,LEN($A19)-2)),'15_Master_связность_1_12'!$B$12:$B$5000,"principle_edge")
A20: [11] | B20: seg.1.1.1.11 | C20: =COUNTIFS('15_Master_связность_1_12'!$N$12:$N$5000,"<="&VALUE(MID($A20,2,LEN($A20)-2)),'15_Master_связность_1_12'!$O$12:$O$5000,">="&VALUE(MID($A20,2,LEN($A20)-2))) | D20: =COUNTIFS('15_Master_связность_1_12'!$N$12:$N$5000,"<="&VALUE(MID($A20,2,LEN($A20)-2)),'15_Master_связность_1_12'!$O$12:$O$5000,">="&VALUE(MID($A20,2,LEN($A20)-2)),'15_Master_связность_1_12'!$B$12:$B$5000,"source_edge") | E20: =COUNTIFS('15_Master_связность_1_12'!$N$12:$N$5000,"<="&VALUE(MID($A20,2,LEN($A20)-2)),'15_Master_связность_1_12'!$O$12:$O$5000,">="&VALUE(MID($A20,2,LEN($A20)-2)),'15_Master_связность_1_12'!$B$12:$B$5000,"bridge_edge") | F20: =COUNTIFS('15_Master_связность_1_12'!$N$12:$N$5000,"<="&VALUE(MID($A20,2,LEN($A20)-2)),'15_Master_связность_1_12'!$O$12:$O$5000,">="&VALUE(MID($A20,2,LEN($A20)-2)),'15_Master_связность_1_12'!$B$12:$B$5000,"principle_edge")
A21: [12] | B21: seg.1.1.1.12 | C21: =COUNTIFS('15_Master_связность_1_12'!$N$12:$N$5000,"<="&VALUE(MID($A21,2,LEN($A21)-2)),'15_Master_связность_1_12'!$O$12:$O$5000,">="&VALUE(MID($A21,2,LEN($A21)-2))) | D21: =COUNTIFS('15_Master_связность_1_12'!$N$12:$N$5000,"<="&VALUE(MID($A21,2,LEN($A21)-2)),'15_Master_связность_1_12'!$O$12:$O$5000,">="&VALUE(MID($A21,2,LEN($A21)-2)),'15_Master_связность_1_12'!$B$12:$B$5000,"source_edge") | E21: =COUNTIFS('15_Master_связность_1_12'!$N$12:$N$5000,"<="&VALUE(MID($A21,2,LEN($A21)-2)),'15_Master_связность_1_12'!$O$12:$O$5000,">="&VALUE(MID($A21,2,LEN($A21)-2)),'15_Master_связность_1_12'!$B$12:$B$5000,"bridge_edge") | F21: =COUNTIFS('15_Master_связность_1_12'!$N$12:$N$5000,"<="&VALUE(MID($A21,2,LEN($A21)-2)),'15_Master_связность_1_12'!$O$12:$O$5000,">="&VALUE(MID($A21,2,LEN($A21)-2)),'15_Master_связность_1_12'!$B$12:$B$5000,"principle_edge")
A24: Тип строки | B24: Количество | D24: Слой | E24: Количество | G24: Роль связности | H24: Количество
A25: source_edge | B25: =COUNTIF('15_Master_связность_1_12'!$B$12:$B$5000,A25) | D25: source_linked | E25: =COUNTIF('15_Master_связность_1_12'!$K$12:$K$5000,D25) | G25: local_chain | H25: =COUNTIF('15_Master_связность_1_12'!$T$12:$T$5000,G25)
A26: bridge_edge | B26: =COUNTIF('15_Master_связность_1_12'!$B$12:$B$5000,A26) | D26: distilled_principle | E26: =COUNTIF('15_Master_связность_1_12'!$K$12:$K$5000,D26) | G26: reasoning_bridge | H26: =COUNTIF('15_Master_связность_1_12'!$T$12:$T$5000,G26)
A27: principle_edge | B27: =COUNTIF('15_Master_связность_1_12'!$B$12:$B$5000,A27) | D27: authored_commentary | E27: =COUNTIF('15_Master_связность_1_12'!$K$12:$K$5000,D27) | G27: multi_anchor | H27: =COUNTIF('15_Master_связность_1_12'!$T$12:$T$5000,G27)
G28: principle_support | H28: =COUNTIF('15_Master_связность_1_12'!$T$12:$T$5000,G28)
G29: symbolic_support | H29: =COUNTIF('15_Master_связность_1_12'!$T$12:$T$5000,G29)
A32: Проверка охвата | B32: Есть ли строки по каждому [n]?
A33: Результат | B33: =IF(MIN(C10:C21)>0,"да","нет")

Sheet 17_nodes_actual
A1: Фактическая проекция: nodes_actual
A2: Устойчивые node_id, извлечённые из master-таблицы связности по [1]-[12].
A4: Источник | B4: 15_Master_связность_1_12
A5: Логика | B5: Чистая фактическая проекция из master: по устойчивым ID, без ручного дублирования.
A6: Всего строк | B6: =COUNTA(A12:A57)
A7: Как читать | B7: Смотри anchors, counts, witness_scope и connected_* поля: они показывают, как сущность живет в master и где ее лучше разворачивать дальше.
A8: Примечание | B8: literal.* пока не вынесены в отдельный слой и остаются жить в master. Здесь только устойчивые n.* узлы.
A11: node_id | B11: label_ru | C11: class | D11: appears_as | E11: first_sec | F11: last_sec | G11: p_first | H11: p_last | I11: paragraph_tags | J11: segment_ids | K11: source_witness_scope | L11: principle_witness_scope | M11: all_witness_scope | N11: source_edge_count | O11: bridge_edge_count | P11: principle_edge_count | Q11: total_refs | R11: connected_event_state_count | S11: connected_event_state_ids | T11: connected_principle_count | U11: connected_principle_ids | V11: connected_node_count | W11: connected_node_ids | X11: connectivity_roles | Y11: layers | Z11: note_ru | AA11: master_refs
A12: n.dawn | B12: заря | C12: time-symbol | D12: to | E12: 1,1,1,1 | F12: 1,1,1,1 | G12: 1 | H12: 1 | I12: |p1| | J12: seg.1.1.1.1 | K12: de+ru+en | M12: de+ru+en | N12: 1 | O12: 0 | P12: 0 | Q12: 1 | R12: 1 | S12: ev.p1.dawn_address_to_sun | T12: 0 | V12: 0 | X12: local_chain | Y12: source_linked | AA12: m013
A13: n.heart | B13: сердце | C13: inner_center | D13: to | E13: 1,1,1,1 | F13: 1,1,1,1 | G13: 1 | H13: 1 | I13: |p1| | J13: seg.1.1.1.1 | K13: de+ru+en | M13: de+ru+en | N13: 1 | O13: 0 | P13: 0 | Q13: 1 | R13: 1 | S13: ev.p1.heart_transformation | T13: 0 | V13: 0 | X13: local_chain | Y13: source_linked | AA13: m010
A14: n.homeland | B14: родина | C14: place | D14: to | E14: 1,1,1,1 | F14: 1,1,1,1 | G14: 1 | H14: 1 | I14: |p1| | J14: seg.1.1.1.1 | K14: de+ru+en | M14: de+ru+en | N14: 1 | O14: 0 | P14: 0 | Q14: 1 | R14: 1 | S14: ev.p1.departure_from_origin | T14: 0 | V14: 0 | X14: local_chain | Y14: source_linked | AA14: m002
A15: n.lake_of_homeland | B15: озеро родины | C15: place-symbol | D15: to | E15: 1,1,1,1 | F15: 1,1,1,1 | G15: 1 | H15: 1 | I15: |p1| | J15: seg.1.1.1.1 | K15: de+ru+en | M15: de+ru+en | N15: 1 | O15: 0 | P15: 0 | Q15: 1 | R15: 1 | S15: ev.p1.departure_from_origin | T15: 0 | V15: 0 | X15: local_chain | Y15: source_linked | AA15: m003
A16: n.mountains | B16: горы | C16: place | D16: to | E16: 1,1,1,1 | F16: 1,1,1,1 | G16: 1 | H16: 1 | I16: |p1| | J16: seg.1.1.1.1 | K16: de+ru+en | M16: de+ru+en | N16: 1 | O16: 0 | P16: 0 | Q16: 1 | R16: 1 | S16: ev.p1.departure_from_origin | T16: 0 | V16: 0 | X16: local_chain | Y16: source_linked | AA16: m004
A17: n.solitude | B17: одиночество / уединение | C17: state-concept | D17: to | E17: 1,1,1,1 | F17: 1,1,1,1 | G17: 1 | H17: 1 | I17: |p1| | J17: seg.1.1.1.1 | K17: de+ru+en | M17: de+ru+en | N17: 1 | O17: 0 | P17: 0 | Q17: 1 | R17: 1 | S17: st.p1.solitary_ripening_10y | T17: 0 | V17: 0 | X17: local_chain | Y17: source_linked | AA17: m007
A18: n.spirit | B18: дух | C18: inner_resource | D18: to | E18: 1,1,1,1 | F18: 1,1,1,1 | G18: 1 | H18: 1 | I18: |p1| | J18: seg.1.1.1.1 | K18: de+ru+en | M18: de+ru+en | N18: 1 | O18: 0 | P18: 0 | Q18: 1 | R18: 1 | S18: st.p1.solitary_ripening_10y | T18: 0 | V18: 0 | X18: local_chain | Y18: source_linked | AA18: m006
A19: n.sun | B19: солнце / великое светило | C19: cosmic_entity | D19: both | E19: 1,1,1,1 | F19: 1,1,1,10 | G19: 1 | H19: 10 | I19: |p1|p2|p3|p4|p7|p9|p10| | J19: seg.1.1.1.1, seg.1.1.1.10, seg.1.1.1.2, seg.1.1.1.3, seg.1.1.1.4, seg.1.1.1.7, seg.1.1.1.9 | K19: de+ru+en | M19: de+ru+en | N19: 10 | O19: 0 | P19: 0 | Q19: 10 | R19: 8 | S19: ev.p1.dawn_address_to_sun, ev.p3.sun_ascends_to_cave_10y, ev.p4.bless_sun_for_overflow, ev.p4.morning_wait_for_sun, ev.p4.receive_overflow_from_sun, ev.p7.sun_evening_underworld_light, st.p2.solar_happiness_requires_recipients, st.p3.sun_would_grow_sated_without_triad | T19: 0 | V19: 2 | W19: n.bliss, n.tranquil_eye | X19: local_chain | Y19: source_linked | Z19: солнечное счастье задано как отношение | условная конструкция пресыщения | солнечный образ сужен до ока | твоя отрада относится к светилу | AA19: m014, m015, m019, m022, m031, m034, m036, m064, m078, m096
A20: n.zarathustra | B20: Заратустра | C20: persona | D20: both | E20: 1,1,1,1 | F20: 1,1,1,12 | G20: 1 | H20: 12 | I20: |p1|p3|p5|p6|p7|p8|p9|p10|p11|p12| | J20: seg.1.1.1.1, seg.1.1.1.10, seg.1.1.1.11, seg.1.1.1.12, seg.1.1.1.3, seg.1.1.1.5, seg.1.1.1.6, seg.1.1.1.7, seg.1.1.1.8, seg.1.1.1.9 | K20: de+ru+en | M20: de+ru+en | N20: 13 | O20: 0 | P20: 0 | Q20: 13 | R20: 12 | S20: ev.p1.dawn_address_to_sun, ev.p1.departure_from_origin, ev.p10.request_blessing_of_cup, ev.p12.beginning_of_zarathustra_going_under, ev.p5_6.need_hands_for_giving, ev.p6.bestow_and_distribute, ev.p7.descend_into_depth, ev.p8.go_under_to_humans, ev.p9.request_blessing_from_tranquil_eye, st.p1.solitary_ripening_10y, st.p11.zarathustra_wants_to_become_human_again, st.p5.overfull_wisdom | T20: 0 | V20: 1 | W20: n.triad_zarathustra_eagle_serpent | X20: local_chain, multi_anchor | Y20: source_linked | Z20: стартовый пространственный разрыв | десятилетнее уединение как состояние | AA20: m001, m005, m012, m026, m039, m046, m049, m061, m072, m076, m084, m100, m104
A21: n.happiness | B21: счастье | C21: quality | D21: both | E21: 1,1,1,2 | F21: 1,1,1,2 | G21: 2 | H21: 2 | I21: |p2| | J21: seg.1.1.1.2 | K21: de+ru+en | M21: de+ru+en | N21: 2 | O21: 0 | P21: 0 | Q21: 2 | R21: 1 | S21: st.p2.solar_happiness_requires_recipients | T21: 0 | V21: 1 | W21: n.recipients_of_light | X21: local_chain | Y21: source_linked | AA21: m016, m017
A22: n.recipients_of_light | B22: те, кому светят | C22: relational_group | D22: to | E22: 1,1,1,2 | F22: 1,1,1,2 | G22: 2 | H22: 2 | I22: |p2| | J22: seg.1.1.1.2 | K22: de+ru+en | M22: de+ru+en | N22: 2 | O22: 0 | P22: 0 | Q22: 2 | R22: 1 | S22: st.p2.solar_happiness_requires_recipients | T22: 0 | V22: 1 | W22: n.happiness | X22: local_chain | Y22: source_linked | Z22: адресаты света держат смысл счастья | AA22: m017, m018
A23: n.cave | B23: пещера | C23: place-threshold | D23: to | E23: 1,1,1,3 | F23: 1,1,1,3 | G23: 3 | H23: 3 | I23: |p3| | J23: seg.1.1.1.3 | K23: de+ru+en | M23: de+ru+en | N23: 1 | O23: 0 | P23: 0 | Q23: 1 | R23: 1 | S23: ev.p3.sun_ascends_to_cave_10y | T23: 0 | V23: 0 | X23: local_chain | Y23: source_linked | AA23: m020
A24: n.eagle | B24: орёл | C24: animal-symbol | D24: to | E24: 1,1,1,3 | F24: 1,1,1,3 | G24: 3 | H24: 3 | I24: |p3| | J24: seg.1.1.1.3 | K24: de+ru+en | M24: de+ru+en | N24: 1 | O24: 0 | P24: 0 | Q24: 1 | R24: 0 | T24: 0 | V24: 1 | W24: n.triad_zarathustra_eagle_serpent | X24: local_chain | Y24: source_linked | AA24: m027
A25: n.light | B25: свет | C25: quality-substance | D25: to | E25: 1,1,1,3 | F25: 1,1,1,7 | G25: 3 | H25: 7 | I25: |p3|p7| | J25: seg.1.1.1.3, seg.1.1.1.7 | K25: de+ru+en | M25: de+ru+en | N25: 2 | O25: 0 | P25: 0 | Q25: 2 | R25: 2 | S25: ev.p7.sun_evening_underworld_light, st.p3.sun_would_grow_sated_without_triad | T25: 0 | V25: 0 | X25: local_chain | Y25: source_linked | AA25: m023, m067
A26: n.path | B26: путь | C26: route | D26: to | E26: 1,1,1,3 | F26: 1,1,1,3 | G26: 3 | H26: 3 | I26: |p3| | J26: seg.1.1.1.3 | K26: de+ru+en | M26: de+ru+en | N26: 1 | O26: 0 | P26: 0 | Q26: 1 | R26: 1 | S26: st.p3.sun_would_grow_sated_without_triad | T26: 0 | V26: 0 | X26: local_chain | Y26: source_linked | AA26: m024
A27: n.serpent | B27: змея | C27: animal-symbol | D27: to | E27: 1,1,1,3 | F27: 1,1,1,3 | G27: 3 | H27: 3 | I27: |p3| | J27: seg.1.1.1.3 | K27: de+ru+en | M27: de+ru+en | N27: 1 | O27: 0 | P27: 0 | Q27: 1 | R27: 0 | T27: 0 | V27: 1 | W27: n.triad_zarathustra_eagle_serpent | X27: local_chain | Y27: source_linked | AA27: m028
A28: n.triad_zarathustra_eagle_serpent | B28: Заратустра + орёл + змея | C28: collective_subject | D28: both | E28: 1,1,1,3 | F28: 1,1,1,4 | G28: 3 | H28: 4 | I28: |p3|p4| | J28: seg.1.1.1.3, seg.1.1.1.4 | K28: de+ru+en | M28: de+ru+en | N28: 7 | O28: 0 | P28: 0 | Q28: 7 | R28: 4 | S28: ev.p4.bless_sun_for_overflow, ev.p4.morning_wait_for_sun, ev.p4.receive_overflow_from_sun, st.p3.sun_would_grow_sated_without_triad | T28: 0 | V28: 3 | W28: n.eagle, n.serpent, n.zarathustra | X28: local_chain | Y28: source_linked | AA28: m025, m026, m027, m028, m029, m032, m035
A29: n.morning | B29: утро | C29: time | D29: to | E29: 1,1,1,4 | F29: 1,1,1,4 | G29: 4 | H29: 4 | I29: |p4| | J29: seg.1.1.1.4 | K29: de+ru+en | M29: de+ru+en | N29: 1 | O29: 0 | P29: 0 | Q29: 1 | R29: 1 | S29: ev.p4.morning_wait_for_sun | T29: 0 | V29: 0 | X29: local_chain | Y29: source_linked | AA29: m030
A30: n.overflow | B30: избыток / overflow | C30: abundance | D30: to | E30: 1,1,1,4 | F30: 1,1,1,10 | G30: 4 | H30: 10 | I30: |p4|p10| | J30: seg.1.1.1.10, seg.1.1.1.4 | K30: de+ru+en | M30: de+ru+en | N30: 3 | O30: 0 | P30: 0 | Q30: 3 | R30: 3 | S30: ev.p4.bless_sun_for_overflow, ev.p4.receive_overflow_from_sun, st.p10.cup_wants_to_overflow | T30: 0 | V30: 0 | X30: local_chain | Y30: source_linked | AA30: m033, m037, m088
A31: n.bee | B31: пчела | C31: analogy-animal | D31: both | E31: 1,1,1,5 | F31: 1,1,1,5 | G31: 5 | H31: 5 | I31: |p5| | J31: seg.1.1.1.5 | K31: de+ru+en | M31: de+ru+en | N31: 2 | O31: 0 | P31: 0 | Q31: 2 | R31: 1 | S31: ev.p5.bee_honey_analogy | T31: 0 | V31: 1 | W31: n.honey | X31: local_chain | Y31: source_linked | AA31: m042, m043
A32: n.honey | B32: мёд | C32: substance | D32: both | E32: 1,1,1,5 | F32: 1,1,1,5 | G32: 5 | H32: 5 | I32: |p5| | J32: seg.1.1.1.5 | K32: de+ru+en | M32: de+ru+en | N32: 2 | O32: 0 | P32: 0 | Q32: 2 | R32: 0 | T32: 0 | V32: 1 | W32: n.bee | X32: local_chain | Y32: source_linked | AA32: m043, m044
A33: n.outstretched_hands | B33: простёртые руки | C33: recipient-interface | D33: to | E33: 1,1,1,5 | F33: 1,1,1,6 | G33: 5 | H33: 6 | I33: |p5|p6| | J33: seg.1.1.1.5, seg.1.1.1.6 | K33: de+ru+en | M33: de+ru+en | N33: 1 | O33: 0 | P33: 0 | Q33: 1 | R33: 1 | S33: ev.p5_6.need_hands_for_giving | T33: 0 | V33: 0 | X33: multi_anchor | Y33: source_linked | AA33: m047
A34: n.wisdom | B34: мудрость | C34: concept | D34: to | E34: 1,1,1,5 | F34: 1,1,1,5 | G34: 5 | H34: 5 | I34: |p5| | J34: seg.1.1.1.5 | K34: de+ru+en | M34: de+ru+en | N34: 1 | O34: 0 | P34: 0 | Q34: 1 | R34: 1 | S34: st.p5.overfull_wisdom | T34: 0 | V34: 0 | X34: local_chain | Y34: source_linked | AA34: m040
A35: n.bestowal | B35: одаривание | C35: act-mode | D35: to | E35: 1,1,1,6 | F35: 1,1,1,6 | G35: 6 | H35: 6 | I35: |p6| | J35: seg.1.1.1.6 | K35: de+ru+en | M35: de+ru+en | N35: 1 | O35: 0 | P35: 0 | Q35: 1 | R35: 1 | S35: ev.p6.bestow_and_distribute | T35: 0 | V35: 0 | X35: local_chain | Y35: source_linked | AA35: m050
A36: n.distribution | B36: раздача | C36: act-mode | D36: to | E36: 1,1,1,6 | F36: 1,1,1,6 | G36: 6 | H36: 6 | I36: |p6| | J36: seg.1.1.1.6 | K36: de+ru+en | M36: de+ru+en | N36: 1 | O36: 0 | P36: 0 | Q36: 1 | R36: 1 | S36: ev.p6.bestow_and_distribute | T36: 0 | V36: 0 | X36: local_chain | Y36: source_linked | AA36: m051
A37: n.folly | B37: глупость / Thorheit | C37: concept-tension | D37: to | E37: 1,1,1,6 | F37: 1,1,1,6 | G37: 6 | H37: 6 | I37: |p6| | J37: seg.1.1.1.6 | K37: de+ru+en | M37: de+ru+en | N37: 1 | O37: 0 | P37: 0 | Q37: 1 | R37: 0 | T37: 0 | V37: 1 | W37: n.wise_among_humans | X37: local_chain | Y37: source_linked | AA37: m056
A38: n.humans | B38: люди | C38: relational_group | D38: both | E38: 1,1,1,6 | F38: 1,1,1,8 | G38: 6 | H38: 8 | I38: |p6|p8| | J38: seg.1.1.1.6, seg.1.1.1.8 | K38: de+ru+en | M38: de+ru+en | N38: 5 | O38: 0 | P38: 0 | Q38: 5 | R38: 2 | S38: ev.p6.bestow_and_distribute, ev.p8.go_under_to_humans | T38: 0 | V38: 3 | W38: n.go_under, n.poor_among_humans, n.wise_among_humans | X38: local_chain | Y38: source_linked | Z38: человеческое имя для нисхождения | AA38: m052, m055, m058, m071, m073
A39: n.poor_among_humans | B39: бедные среди людей | C39: subgroup | D39: both | E39: 1,1,1,6 | F39: 1,1,1,6 | G39: 6 | H39: 6 | I39: |p6| | J39: seg.1.1.1.6 | K39: de+ru+en | M39: de+ru+en | N39: 3 | O39: 0 | P39: 0 | Q39: 3 | R39: 1 | S39: st.p6.revaluation_of_joy | T39: 0 | V39: 2 | W39: n.humans, n.wealth | X39: local_chain | Y39: source_linked | AA39: m057, m058, m059
A40: n.wealth | B40: богатство | C40: concept | D40: to | E40: 1,1,1,6 | F40: 1,1,1,6 | G40: 6 | H40: 6 | I40: |p6| | J40: seg.1.1.1.6 | K40: de+ru+en | M40: de+ru+en | N40: 1 | O40: 0 | P40: 0 | Q40: 1 | R40: 0 | T40: 0 | V40: 1 | W40: n.poor_among_humans | X40: local_chain | Y40: source_linked | AA40: m059
A41: n.wise_among_humans | B41: мудрые среди людей | C41: subgroup | D41: both | E41: 1,1,1,6 | F41: 1,1,1,6 | G41: 6 | H41: 6 | I41: |p6| | J41: seg.1.1.1.6 | K41: de+ru+en | M41: de+ru+en | N41: 3 | O41: 0 | P41: 0 | Q41: 3 | R41: 1 | S41: st.p6.revaluation_of_joy | T41: 0 | V41: 2 | W41: n.folly, n.humans | X41: local_chain | Y41: source_linked | AA41: m054, m055, m056
A42: n.depth | B42: глубина | C42: destination-symbol | D42: to | E42: 1,1,1,7 | F42: 1,1,1,7 | G42: 7 | H42: 7 | I42: |p7| | J42: seg.1.1.1.7 | K42: de+ru+en | M42: de+ru+en | N42: 1 | O42: 0 | P42: 0 | Q42: 1 | R42: 1 | S42: ev.p7.descend_into_depth | T42: 0 | V42: 0 | X42: local_chain | Y42: source_linked | AA42: m062
A43: n.evening | B43: вечер | C43: time-symbol | D43: to | E43: 1,1,1,7 | F43: 1,1,1,7 | G43: 7 | H43: 7 | I43: |p7| | J43: seg.1.1.1.7 | K43: de+ru+en | M43: de+ru+en | N43: 1 | O43: 0 | P43: 0 | Q43: 1 | R43: 1 | S43: ev.p7.sun_evening_underworld_light | T43: 0 | V43: 0 | X43: local_chain | Y43: source_linked | AA43: m065
A44: n.go_under | B44: закатиться / untergehen / go under | C44: hinge-term | D44: to | E44: 1,1,1,7 | F44: 1,1,1,12 | G44: 7 | H44: 12 | I44: |p7|p8|p12| | J44: seg.1.1.1.12, seg.1.1.1.7, seg.1.1.1.8 | K44: de+ru+en | M44: de+ru+en | N44: 3 | O44: 0 | P44: 0 | Q44: 3 | R44: 2 | S44: ev.p12.beginning_of_zarathustra_going_under, ev.p7_8.descent_named_as_go_under | T44: 0 | V44: 1 | W44: n.humans | X44: local_chain, multi_anchor | Y44: source_linked | Z44: человеческое имя для нисхождения | AA44: m070, m071, m105
A45: n.sea | B45: море | C45: threshold-place | D45: to | E45: 1,1,1,7 | F45: 1,1,1,7 | G45: 7 | H45: 7 | I45: |p7| | J45: seg.1.1.1.7 | K45: de+ru+en | M45: de+ru+en | N45: 1 | O45: 0 | P45: 0 | Q45: 1 | R45: 1 | S45: ev.p7.sun_evening_underworld_light | T45: 0 | V45: 0 | X45: local_chain | Y45: source_linked | AA45: m066
A46: n.underworld | B46: подземный мир | C46: underworld-domain | D46: to | E46: 1,1,1,7 | F46: 1,1,1,7 | G46: 7 | H46: 7 | I46: |p7| | J46: seg.1.1.1.7 | K46: de+ru+en | M46: de+ru+en | N46: 1 | O46: 0 | P46: 0 | Q46: 1 | R46: 1 | S46: ev.p7.sun_evening_underworld_light | T46: 0 | V46: 0 | X46: local_chain | Y46: source_linked | AA46: m068
A47: n.all_too_great_happiness | B47: чрезмерно большое счастье | C47: quality | D47: to | E47: 1,1,1,9 | F47: 1,1,1,9 | G47: 9 | H47: 9 | I47: |p9| | J47: seg.1.1.1.9 | K47: de+ru+en | M47: de+ru+en | N47: 1 | O47: 0 | P47: 0 | Q47: 1 | R47: 1 | S47: st.p9.tranquil_eye_without_envy | T47: 0 | V47: 0 | X47: local_chain | Y47: source_linked | AA47: m080
A48: n.blessing | B48: благословение | C48: act | D48: to | E48: 1,1,1,9 | F48: 1,1,1,9 | G48: 9 | H48: 9 | I48: |p9| | J48: seg.1.1.1.9 | K48: de+ru+en | M48: de+ru+en | N48: 1 | O48: 0 | P48: 0 | Q48: 1 | R48: 1 | S48: ev.p9.request_blessing_from_tranquil_eye | T48: 0 | V48: 0 | X48: local_chain | Y48: source_linked | AA48: m082
A49: n.envy | B49: зависть | C49: negative-affect | D49: to | E49: 1,1,1,9 | F49: 1,1,1,9 | G49: 9 | H49: 9 | I49: |p9| | J49: seg.1.1.1.9 | K49: de+ru+en | M49: de+ru+en | N49: 1 | O49: 0 | P49: 0 | Q49: 1 | R49: 1 | S49: st.p9.tranquil_eye_without_envy | T49: 0 | V49: 0 | X49: local_chain | Y49: source_linked | AA49: m081
A50: n.tranquil_eye | B50: спокойное око | C50: solar-aspect | D50: both | E50: 1,1,1,9 | F50: 1,1,1,10 | G50: 9 | H50: 10 | I50: |p9|p10| | J50: seg.1.1.1.10, seg.1.1.1.9 | K50: de+ru+en | M50: de+ru+en | N50: 4 | O50: 0 | P50: 0 | Q50: 4 | R50: 3 | S50: ev.p10.request_blessing_of_cup, ev.p9.request_blessing_from_tranquil_eye, st.p9.tranquil_eye_without_envy | T50: 0 | V50: 1 | W50: n.sun | X50: local_chain | Y50: source_linked | Z50: солнечный образ сужен до ока | AA50: m077, m078, m079, m085
A51: n.bliss | B51: отрада / блаженство | C51: solar_quality | D51: both | E51: 1,1,1,10 | F51: 1,1,1,10 | G51: 10 | H51: 10 | I51: |p10| | J51: seg.1.1.1.10 | K51: de+ru+en | M51: de+ru+en | N51: 2 | O51: 0 | P51: 0 | Q51: 2 | R51: 0 | T51: 0 | V51: 2 | W51: n.reflection, n.sun | X51: local_chain | Y51: source_linked | Z51: твоя отрада относится к светилу | AA51: m095, m096
A52: n.cup | B52: чаша | C52: vessel-symbol | D52: both | E52: 1,1,1,10 | F52: 1,1,1,11 | G52: 10 | H52: 11 | I52: |p10|p11| | J52: seg.1.1.1.10, seg.1.1.1.11 | K52: de+ru+en | M52: de+ru+en | N52: 5 | O52: 0 | P52: 0 | Q52: 5 | R52: 4 | S52: ev.p10.golden_water_flows, ev.p10.request_blessing_of_cup, st.p10.cup_wants_to_overflow, st.p11.cup_wants_to_empty_again | T52: 0 | V52: 0 | X52: local_chain | Y52: source_linked | AA52: m086, m087, m089, m092, m098
A53: n.gold | B53: золото / золотистость | C53: quality | D53: to | E53: 1,1,1,10 | F53: 1,1,1,10 | G53: 10 | H53: 10 | I53: |p10| | J53: seg.1.1.1.10 | K53: de+ru+en | M53: de+ru+en | N53: 1 | O53: 0 | P53: 0 | Q53: 1 | R53: 1 | S53: ev.p10.golden_water_flows | T53: 0 | V53: 0 | X53: local_chain | Y53: source_linked | AA53: m091
A54: n.reflection | B54: отблеск / отражение | C54: reflective_quality | D54: both | E54: 1,1,1,10 | F54: 1,1,1,10 | G54: 10 | H54: 10 | I54: |p10| | J54: seg.1.1.1.10 | K54: de+ru+en | M54: de+ru+en | N54: 2 | O54: 0 | P54: 0 | Q54: 2 | R54: 1 | S54: ev.p10.reflection_of_bliss_is_carried | T54: 0 | V54: 1 | W54: n.bliss | X54: local_chain | Y54: source_linked | AA54: m094, m095
A55: n.water | B55: влага / вода | C55: substance | D55: to | E55: 1,1,1,10 | F55: 1,1,1,10 | G55: 10 | H55: 10 | I55: |p10| | J55: seg.1.1.1.10 | K55: de+ru+en | M55: de+ru+en | N55: 1 | O55: 0 | P55: 0 | Q55: 1 | R55: 1 | S55: ev.p10.golden_water_flows | T55: 0 | V55: 0 | X55: local_chain | Y55: source_linked | AA55: m090
A56: n.emptiness | B56: пустота / опустошение | C56: state | D56: to | E56: 1,1,1,11 | F56: 1,1,1,11 | G56: 11 | H56: 11 | I56: |p11| | J56: seg.1.1.1.11 | K56: de+ru+en | M56: de+ru+en | N56: 1 | O56: 0 | P56: 0 | Q56: 1 | R56: 1 | S56: st.p11.cup_wants_to_empty_again | T56: 0 | V56: 0 | X56: local_chain | Y56: source_linked | AA56: m099
A57: n.human | B57: человек | C57: anthropic_state | D57: to | E57: 1,1,1,11 | F57: 1,1,1,11 | G57: 11 | H57: 11 | I57: |p11| | J57: seg.1.1.1.11 | K57: de+ru+en | M57: de+ru+en | N57: 1 | O57: 0 | P57: 0 | Q57: 1 | R57: 1 | S57: st.p11.zarathustra_wants_to_become_human_again | T57: 0 | V57: 0 | X57: local_chain | Y57: source_linked | AA57: m101

Sheet 18_event_state_nodes_actual
A1: Фактическая проекция: event_state_nodes_actual
A2: События, состояния и analogy/event узлы, извлечённые из master-таблицы связности по [1]-[12].
A4: Источник | B4: 15_Master_связность_1_12
A5: Логика | B5: Чистая фактическая проекция из master: по устойчивым ID, без ручного дублирования.
A6: Всего строк | B6: =COUNTA(A12:A39)
A7: Как читать | B7: Смотри anchors, counts, witness_scope и connected_* поля: они показывают, как сущность живет в master и где ее лучше разворачивать дальше.
A8: Примечание | B8: Здесь живут ev.* и st.*. Если узел начинает нести длительность, условность, повторяемость или многосвязный ход, ему обычно лучше быть здесь.
A11: es_id | B11: label_ru | C11: class | D11: appears_as | E11: first_sec | F11: last_sec | G11: p_first | H11: p_last | I11: paragraph_tags | J11: segment_ids | K11: source_witness_scope | L11: principle_witness_scope | M11: all_witness_scope | N11: source_edge_count | O11: bridge_edge_count | P11: principle_edge_count | Q11: total_refs | R11: connected_node_count | S11: connected_node_ids | T11: connected_event_state_count | U11: connected_event_state_ids | V11: connected_principle_count | W11: connected_principle_ids | X11: connectivity_roles | Y11: layers | Z11: note_ru | AA11: master_refs
A12: ev.p1.dawn_address_to_sun | B12: утреннее обращение к солнцу | C12: event | D12: both | E12: 1,1,1,1 | F12: 1,1,1,1 | G12: 1 | H12: 1 | I12: |p1| | J12: seg.1.1.1.1 | K12: de+ru+en | M12: de+ru+en | N12: 3 | O12: 1 | P12: 0 | Q12: 4 | R12: 3 | S12: n.dawn, n.sun, n.zarathustra | T12: 1 | U12: ev.p1.heart_transformation | V12: 0 | X12: local_chain, reasoning_bridge | Y12: source_linked | AA12: m011, m012, m013, m014
A13: ev.p1.departure_from_origin | B13: уход из родины и озера | C13: event | D13: both | E13: 1,1,1,1 | F13: 1,1,1,1 | G13: 1 | H13: 1 | I13: |p1| | J13: seg.1.1.1.1 | K13: de+ru+en | L13: authored | M13: authored, de+ru+en | N13: 4 | O13: 0 | P13: 1 | Q13: 5 | R13: 4 | S13: n.homeland, n.lake_of_homeland, n.mountains, n.zarathustra | T13: 0 | V13: 1 | W13: pr.departure_from_reflective_origin | X13: local_chain, symbolic_support | Y13: authored_commentary, source_linked | Z13: стартовый пространственный разрыв | озеро читается как отражённый исток | AA13: m001, m002, m003, m004, m108
A14: ev.p1.heart_transformation | B14: преображение сердца | C14: event | D14: both | E14: 1,1,1,1 | F14: 1,1,1,1 | G14: 1 | H14: 1 | I14: |p1| | J14: seg.1.1.1.1 | K14: de+ru+en | M14: de+ru+en | N14: 1 | O14: 2 | P14: 0 | Q14: 3 | R14: 1 | S14: n.heart | T14: 2 | U14: ev.p1.dawn_address_to_sun, st.p1.solitary_ripening_10y | V14: 0 | X14: local_chain, reasoning_bridge | Y14: source_linked | Z14: созревание ведет к внутреннему повороту | AA14: m009, m010, m011
A15: st.p1.solitary_ripening_10y | B15: десятилетнее горное уединение | C15: state | D15: both | E15: 1,1,1,1 | F15: 1,1,1,1 | G15: 1 | H15: 1 | I15: |p1| | J15: seg.1.1.1.1 | K15: de+ru+en | L15: de+ru+en | M15: de+ru+en | N15: 4 | O15: 1 | P15: 1 | Q15: 6 | R15: 3 | S15: n.solitude, n.spirit, n.zarathustra | T15: 1 | U15: ev.p1.heart_transformation | V15: 1 | W15: pr.solitude_as_ripening | X15: local_chain, principle_support, reasoning_bridge | Y15: distilled_principle, source_linked | Z15: десятилетнее уединение как состояние | созревание ведет к внутреннему повороту | уединение не пустота, а созревание | AA15: m005, m006, m007, m008, m009, m107
A16: st.p2.solar_happiness_requires_recipients | B16: счастье светила требует адресатов света | C16: state | D16: both | E16: 1,1,1,2 | F16: 1,1,1,2 | G16: 2 | H16: 2 | I16: |p2| | J16: seg.1.1.1.2 | K16: de+ru+en | L16: de+ru+en | M16: de+ru+en | N16: 3 | O16: 0 | P16: 1 | Q16: 4 | R16: 3 | S16: n.happiness, n.recipients_of_light, n.sun | T16: 0 | V16: 1 | W16: pr.happiness_is_relational | X16: local_chain, principle_support | Y16: distilled_principle, source_linked | Z16: солнечное счастье задано как отношение | адресаты света держат смысл счастья | AA16: m015, m016, m018, m109
A17: ev.p3.sun_ascends_to_cave_10y | B17: десятилетнее восхождение солнца к пещере | C17: event | D17: both | E17: 1,1,1,3 | F17: 1,1,1,3 | G17: 3 | H17: 3 | I17: |p3| | J17: seg.1.1.1.3 | K17: de+ru+en | M17: de+ru+en | N17: 3 | O17: 0 | P17: 0 | Q17: 3 | R17: 2 | S17: n.cave, n.sun | T17: 0 | V17: 0 | X17: local_chain | Y17: source_linked | AA17: m019, m020, m021
A18: st.p3.sun_would_grow_sated_without_triad | B18: без триады солнце пресытилось бы светом и путем | C18: state | D18: both | E18: 1,1,1,3 | F18: 1,1,1,3 | G18: 3 | H18: 3 | I18: |p3| | J18: seg.1.1.1.3 | K18: de+ru+en | M18: de+ru+en | N18: 4 | O18: 0 | P18: 0 | Q18: 4 | R18: 4 | S18: n.light, n.path, n.sun, n.triad_zarathustra_eagle_serpent | T18: 0 | V18: 0 | X18: local_chain | Y18: source_linked | Z18: условная конструкция пресыщения | AA18: m022, m023, m024, m025
A19: ev.p4.bless_sun_for_overflow | B19: благословение солнца за избыток | C19: event | D19: both | E19: 1,1,1,4 | F19: 1,1,1,4 | G19: 4 | H19: 4 | I19: |p4| | J19: seg.1.1.1.4 | K19: de+ru+en | L19: de+ru+en | M19: de+ru+en | N19: 3 | O19: 0 | P19: 1 | Q19: 4 | R19: 3 | S19: n.overflow, n.sun, n.triad_zarathustra_eagle_serpent | T19: 0 | V19: 1 | W19: pr.blessing_is_reciprocal | X19: local_chain, principle_support | Y19: distilled_principle, source_linked | AA19: m035, m036, m037, m111
A20: ev.p4.morning_wait_for_sun | B20: утреннее ожидание солнца | C20: event | D20: both | E20: 1,1,1,4 | F20: 1,1,1,4 | G20: 4 | H20: 4 | I20: |p4| | J20: seg.1.1.1.4 | K20: de+ru+en | M20: de+ru+en | N20: 3 | O20: 0 | P20: 0 | Q20: 3 | R20: 3 | S20: n.morning, n.sun, n.triad_zarathustra_eagle_serpent | T20: 0 | V20: 0 | X20: local_chain | Y20: source_linked | AA20: m029, m030, m031
A21: ev.p4.receive_overflow_from_sun | B21: принятие избытка солнца | C21: event | D21: both | E21: 1,1,1,4 | F21: 1,1,1,5 | G21: 4 | H21: 5 | I21: |p4|p5| | J21: seg.1.1.1.4, seg.1.1.1.5 | K21: de+ru+en | L21: de+ru+en | M21: de+ru+en | N21: 3 | O21: 1 | P21: 1 | Q21: 5 | R21: 3 | S21: n.overflow, n.sun, n.triad_zarathustra_eagle_serpent | T21: 1 | U21: st.p5.overfull_wisdom | V21: 1 | W21: pr.overflow_can_be_received | X21: local_chain, principle_support, reasoning_bridge | Y21: distilled_principle, source_linked | Z21: внешний overflow затем становится внутренним | AA21: m032, m033, m034, m038, m110
A22: st.p5.overfull_wisdom | B22: пресыщение мудростью | C22: state | D22: both | E22: 1,1,1,4 | F22: 1,1,1,6 | G22: 4 | H22: 6 | I22: |p4|p5|p6| | J22: seg.1.1.1.4, seg.1.1.1.5, seg.1.1.1.6 | K22: de+ru+en | L22: de+ru+en | M22: de+ru+en | N22: 4 | O22: 2 | P22: 1 | Q22: 7 | R22: 2 | S22: n.wisdom, n.zarathustra | T22: 3 | U22: ev.p4.receive_overflow_from_sun, ev.p5.bee_honey_analogy, ev.p5_6.need_hands_for_giving | V22: 1 | W22: pr.wisdom_can_overfill | X22: local_chain, multi_anchor, principle_support, reasoning_bridge | Y22: distilled_principle, source_linked | Z22: внешний overflow затем становится внутренним | образ удерживает логику накопления | избыток ищет адресата | AA22: m038, m039, m040, m041, m045, m048, m112
A23: ev.p5.bee_honey_analogy | B23: аналогия пчелы и мёда | C23: analogy | D23: from | E23: 1,1,1,5 | F23: 1,1,1,5 | G23: 5 | H23: 5 | I23: |p5| | J23: seg.1.1.1.5 | K23: de+ru+en | M23: de+ru+en | N23: 2 | O23: 0 | P23: 0 | Q23: 2 | R23: 1 | S23: n.bee | T23: 1 | U23: st.p5.overfull_wisdom | V23: 0 | X23: local_chain | Y23: source_linked | Z23: образ удерживает логику накопления | AA23: m041, m042
A24: ev.p5_6.need_hands_for_giving | B24: нужда в простёртых руках ради дара | C24: event | D24: both | E24: 1,1,1,5 | F24: 1,1,1,6 | G24: 5 | H24: 6 | I24: |p5|p6| | J24: seg.1.1.1.5, seg.1.1.1.6 | K24: de+ru+en | L24: de+ru+en | M24: de+ru+en | N24: 3 | O24: 1 | P24: 1 | Q24: 5 | R24: 2 | S24: n.outstretched_hands, n.zarathustra | T24: 1 | U24: st.p5.overfull_wisdom | V24: 1 | W24: pr.excess_seeks_recipients | X24: multi_anchor, principle_support | Y24: distilled_principle, source_linked | Z24: избыток ищет адресата | AA24: m045, m046, m047, m048, m113
A25: ev.p6.bestow_and_distribute | B25: одаривать и раздавать | C25: event | D25: both | E25: 1,1,1,6 | F25: 1,1,1,7 | G25: 6 | H25: 7 | I25: |p6|p7| | J25: seg.1.1.1.6, seg.1.1.1.7 | K25: de+ru+en | L25: de+ru+en | M25: de+ru+en | N25: 6 | O25: 1 | P25: 1 | Q25: 8 | R25: 4 | S25: n.bestowal, n.distribution, n.humans, n.zarathustra | T25: 2 | U25: ev.p7.descend_into_depth, st.p6.revaluation_of_joy | V25: 1 | W25: pr.gift_has_dual_mode | X25: local_chain, multi_anchor, principle_support, reasoning_bridge | Y25: distilled_principle, source_linked | Z25: дар требует движения вниз | AA25: m049, m050, m051, m052, m053, m060, m063, m114
A26: ev.p7.descend_into_depth | B26: спуск в глубину | C26: event | D26: both | E26: 1,1,1,6 | F26: 1,1,1,8 | G26: 6 | H26: 8 | I26: |p6|p7|p8| | J26: seg.1.1.1.6, seg.1.1.1.7, seg.1.1.1.8 | K26: de+ru+en | L26: de+ru+en | M26: de+ru+en | N26: 4 | O26: 1 | P26: 1 | Q26: 6 | R26: 2 | S26: n.depth, n.zarathustra | T26: 2 | U26: ev.p6.bestow_and_distribute, ev.p7_8.descent_named_as_go_under | V26: 1 | W26: pr.descent_is_required_by_gift | X26: local_chain, multi_anchor, principle_support, reasoning_bridge | Y26: distilled_principle, source_linked | Z26: дар требует движения вниз | дар и катабасис сцеплены | AA26: m060, m061, m062, m063, m069, m115
A27: st.p6.revaluation_of_joy | B27: переоценка радости и меры | C27: state | D27: both | E27: 1,1,1,6 | F27: 1,1,1,6 | G27: 6 | H27: 6 | I27: |p6| | J27: seg.1.1.1.6 | K27: de+ru+en | M27: de+ru+en | N27: 3 | O27: 0 | P27: 0 | Q27: 3 | R27: 2 | S27: n.poor_among_humans, n.wise_among_humans | T27: 1 | U27: ev.p6.bestow_and_distribute | V27: 0 | X27: local_chain | Y27: source_linked | AA27: m053, m054, m057
A28: ev.p7.sun_evening_underworld_light | B28: вечерний ход солнца за море с несением света | C28: event | D28: both | E28: 1,1,1,7 | F28: 1,1,1,8 | G28: 7 | H28: 8 | I28: |p7|p8| | J28: seg.1.1.1.7, seg.1.1.1.8 | K28: de+ru+en | M28: de+ru+en | N28: 6 | O28: 0 | P28: 0 | Q28: 6 | R28: 5 | S28: n.evening, n.light, n.sea, n.sun, n.underworld | T28: 1 | U28: ev.p8.go_under_to_humans | V28: 0 | X28: local_chain, reasoning_bridge | Y28: source_linked | AA28: m064, m065, m066, m067, m068, m074
A29: ev.p7_8.descent_named_as_go_under | B29: нисхождение, названное закатом | C29: event | D29: both | E29: 1,1,1,7 | F29: 1,1,1,8 | G29: 7 | H29: 8 | I29: |p7|p8| | J29: seg.1.1.1.7, seg.1.1.1.8 | K29: de+ru+en | L29: de+ru+en | M29: de+ru+en | N29: 2 | O29: 0 | P29: 1 | Q29: 3 | R29: 1 | S29: n.go_under | T29: 1 | U29: ev.p7.descend_into_depth | V29: 1 | W29: pr.go_under_is_human_name | X29: multi_anchor, principle_support | Y29: distilled_principle, source_linked | AA29: m069, m070, m116
A30: ev.p8.go_under_to_humans | B30: закатиться к людям | C30: event | D30: both | E30: 1,1,1,7 | F30: 1,1,1,12 | G30: 7 | H30: 12 | I30: |p7|p8|p9|p12| | J30: seg.1.1.1.12, seg.1.1.1.7, seg.1.1.1.8, seg.1.1.1.9 | K30: de+ru+en | M30: de+ru+en | N30: 3 | O30: 2 | P30: 0 | Q30: 5 | R30: 2 | S30: n.humans, n.zarathustra | T30: 3 | U30: ev.p12.beginning_of_zarathustra_going_under, ev.p7.sun_evening_underworld_light, ev.p9.request_blessing_from_tranquil_eye | V30: 0 | X30: local_chain, reasoning_bridge | Y30: source_linked | Z30: намеченный спуск становится начавшимся путем | AA30: m072, m073, m074, m075, m106
A31: ev.p12.beginning_of_zarathustra_going_under | B31: начало заката Заратустры | C31: event | D31: both | E31: 1,1,1,8 | F31: 1,1,1,12 | G31: 8 | H31: 12 | I31: |p8|p11|p12| | J31: seg.1.1.1.11, seg.1.1.1.12, seg.1.1.1.8 | K31: de+ru+en | L31: de+ru+en | M31: de+ru+en | N31: 2 | O31: 2 | P31: 1 | Q31: 5 | R31: 2 | S31: n.go_under, n.zarathustra | T31: 2 | U31: ev.p8.go_under_to_humans, st.p11.zarathustra_wants_to_become_human_again | V31: 1 | W31: pr.beginning_through_going_under | X31: local_chain, principle_support, reasoning_bridge | Y31: distilled_principle, source_linked | Z31: намеченный спуск становится начавшимся путем | AA31: m103, m104, m105, m106, m120
A32: ev.p9.request_blessing_from_tranquil_eye | B32: просьба о благословении к спокойному оку | C32: event | D32: both | E32: 1,1,1,8 | F32: 1,1,1,10 | G32: 8 | H32: 10 | I32: |p8|p9|p10| | J32: seg.1.1.1.10, seg.1.1.1.8, seg.1.1.1.9 | K32: de+ru+en | M32: de+ru+en | N32: 3 | O32: 2 | P32: 0 | Q32: 5 | R32: 3 | S32: n.blessing, n.tranquil_eye, n.zarathustra | T32: 2 | U32: ev.p10.request_blessing_of_cup, ev.p8.go_under_to_humans | V32: 0 | X32: local_chain, reasoning_bridge | Y32: source_linked | AA32: m075, m076, m077, m082, m083
A33: ev.p10.request_blessing_of_cup | B33: просьба благословить чашу | C33: event | D33: both | E33: 1,1,1,9 | F33: 1,1,1,11 | G33: 9 | H33: 11 | I33: |p9|p10|p11| | J33: seg.1.1.1.10, seg.1.1.1.11, seg.1.1.1.9 | K33: de+ru+en | M33: de+ru+en | N33: 3 | O33: 2 | P33: 0 | Q33: 5 | R33: 3 | S33: n.cup, n.tranquil_eye, n.zarathustra | T33: 2 | U33: ev.p9.request_blessing_from_tranquil_eye, st.p11.cup_wants_to_empty_again | V33: 0 | X33: local_chain, reasoning_bridge | Y33: source_linked | AA33: m083, m084, m085, m086, m097
A34: st.p9.tranquil_eye_without_envy | B34: спокойное око без зависти | C34: state | D34: both | E34: 1,1,1,9 | F34: 1,1,1,9 | G34: 9 | H34: 9 | I34: |p9| | J34: seg.1.1.1.9 | K34: de+ru+en | L34: de+ru+en | M34: de+ru+en | N34: 3 | O34: 0 | P34: 1 | Q34: 4 | R34: 3 | S34: n.all_too_great_happiness, n.envy, n.tranquil_eye | T34: 0 | V34: 1 | W34: pr.tranquil_vision_without_envy | X34: local_chain, principle_support | Y34: distilled_principle, source_linked | AA34: m079, m080, m081, m117
A35: ev.p10.golden_water_flows | B35: золотистая влага течёт из чаши | C35: event | D35: both | E35: 1,1,1,10 | F35: 1,1,1,10 | G35: 10 | H35: 10 | I35: |p10| | J35: seg.1.1.1.10 | K35: de+ru+en | M35: de+ru+en | N35: 4 | O35: 1 | P35: 0 | Q35: 5 | R35: 3 | S35: n.cup, n.gold, n.water | T35: 1 | U35: ev.p10.reflection_of_bliss_is_carried | V35: 0 | X35: local_chain, reasoning_bridge | Y35: source_linked | AA35: m089, m090, m091, m092, m093
A36: ev.p10.reflection_of_bliss_is_carried | B36: отблеск отрады несётся повсюду | C36: event | D36: both | E36: 1,1,1,10 | F36: 1,1,1,10 | G36: 10 | H36: 10 | I36: |p10| | J36: seg.1.1.1.10 | K36: de+ru+en | L36: de+ru+en | M36: de+ru+en | N36: 1 | O36: 1 | P36: 1 | Q36: 3 | R36: 1 | S36: n.reflection | T36: 1 | U36: ev.p10.golden_water_flows | V36: 1 | W36: pr.reflected_light_can_be_carried | X36: local_chain, principle_support, reasoning_bridge | Y36: distilled_principle, source_linked | AA36: m093, m094, m118
A37: st.p10.cup_wants_to_overflow | B37: чаша хочет перелиться | C37: state | D37: both | E37: 1,1,1,10 | F37: 1,1,1,10 | G37: 10 | H37: 10 | I37: |p10| | J37: seg.1.1.1.10 | K37: de+ru+en | M37: de+ru+en | N37: 2 | O37: 0 | P37: 0 | Q37: 2 | R37: 2 | S37: n.cup, n.overflow | T37: 0 | V37: 0 | X37: local_chain | Y37: source_linked | AA37: m087, m088
A38: st.p11.cup_wants_to_empty_again | B38: чаша хочет снова стать пустой | C38: state | D38: both | E38: 1,1,1,10 | F38: 1,1,1,11 | G38: 10 | H38: 11 | I38: |p10|p11| | J38: seg.1.1.1.10, seg.1.1.1.11 | K38: de+ru+en | M38: de+ru+en | N38: 3 | O38: 1 | P38: 0 | Q38: 4 | R38: 2 | S38: n.cup, n.emptiness | T38: 2 | U38: ev.p10.request_blessing_of_cup, st.p11.zarathustra_wants_to_become_human_again | V38: 0 | X38: local_chain, reasoning_bridge | Y38: source_linked | Z38: чаша и Заратустра движутся параллельно | AA38: m097, m098, m099, m102
A39: st.p11.zarathustra_wants_to_become_human_again | B39: Заратустра хочет снова стать человеком | C39: state | D39: both | E39: 1,1,1,11 | F39: 1,1,1,12 | G39: 11 | H39: 12 | I39: |p11|p12| | J39: seg.1.1.1.11, seg.1.1.1.12 | K39: de+ru+en | L39: de+ru+en | M39: de+ru+en | N39: 3 | O39: 1 | P39: 1 | Q39: 5 | R39: 2 | S39: n.human, n.zarathustra | T39: 2 | U39: ev.p12.beginning_of_zarathustra_going_under, st.p11.cup_wants_to_empty_again | V39: 1 | W39: pr.return_as_action | X39: local_chain, principle_support, reasoning_bridge | Y39: distilled_principle, source_linked | Z39: чаша и Заратустра движутся параллельно | возвращение удерживается как акт | AA39: m100, m101, m102, m103, m119

Sheet 19_principles_actual
A1: Фактическая проекция: principles_actual
A2: Принципы, distilled layers и authored commentary, сведённые из principle_edge-слоя master-таблицы.
A4: Источник | B4: 15_Master_связность_1_12
A5: Логика | B5: Чистая фактическая проекция из master: по устойчивым ID, без ручного дублирования.
A6: Всего строк | B6: =COUNTA(A12:A25)
A7: Как читать | B7: Смотри anchors, counts, witness_scope и connected_* поля: они показывают, как сущность живет в master и где ее лучше разворачивать дальше.
A8: Примечание | B8: Это derived-слой. Здесь фиксируются не голые source facts, а снятые принципы, поддержанные anchors из master.
A11: principle_id | B11: label_ru | C11: class | D11: appears_as | E11: first_sec | F11: last_sec | G11: p_first | H11: p_last | I11: paragraph_tags | J11: segment_ids | K11: support_witness_scope | L11: layer_modes | M11: principle_edge_count | N11: support_target_count | O11: support_target_ids | P11: linked_principle_count | Q11: linked_principle_ids | R11: connectivity_roles | S11: note_ru | T11: master_refs
A12: pr.departure_from_reflective_origin | B12: уход от отражённого истока | C12: principle | D12: from | E12: 1,1,1,1 | F12: 1,1,1,1 | G12: 1 | H12: 1 | I12: |p1| | J12: seg.1.1.1.1 | K12: authored | L12: authored_commentary | M12: 1 | N12: 1 | O12: ev.p1.departure_from_origin | P12: 0 | R12: symbolic_support | S12: озеро читается как отражённый исток | T12: m108
A13: pr.solitude_as_ripening | B13: уединение как созревание | C13: principle | D13: from | E13: 1,1,1,1 | F13: 1,1,1,5 | G13: 1 | H13: 5 | I13: |p1|p5| | J13: seg.1.1.1.1, seg.1.1.1.5 | K13: de+ru+en | L13: distilled_principle | M13: 2 | N13: 1 | O13: st.p1.solitary_ripening_10y | P13: 1 | Q13: pr.wisdom_can_overfill | R13: principle_support, reasoning_bridge | S13: уединение не пустота, а созревание | созревание выводит к избытку | T13: m107, m121
A14: pr.wisdom_can_overfill | B14: мудрость может стать избытком | C14: principle | D14: both | E14: 1,1,1,1 | F14: 1,1,1,6 | G14: 1 | H14: 6 | I14: |p1|p5|p6| | J14: seg.1.1.1.1, seg.1.1.1.5, seg.1.1.1.6 | K14: de+ru+en | L14: distilled_principle | M14: 3 | N14: 1 | O14: st.p5.overfull_wisdom | P14: 2 | Q14: pr.excess_seeks_recipients, pr.solitude_as_ripening | R14: principle_support, reasoning_bridge | S14: созревание выводит к избытку | T14: m112, m121, m123
A15: pr.happiness_is_relational | B15: счастье реляционно | C15: principle | D15: from | E15: 1,1,1,2 | F15: 1,1,1,2 | G15: 2 | H15: 2 | I15: |p2| | J15: seg.1.1.1.2 | K15: de+ru+en | L15: distilled_principle | M15: 1 | N15: 1 | O15: st.p2.solar_happiness_requires_recipients | P15: 0 | R15: principle_support | T15: m109
A16: pr.blessing_is_reciprocal | B16: благословение взаимно | C16: principle | D16: from | E16: 1,1,1,4 | F16: 1,1,1,4 | G16: 4 | H16: 4 | I16: |p4| | J16: seg.1.1.1.4 | K16: de+ru+en | L16: distilled_principle | M16: 1 | N16: 1 | O16: ev.p4.bless_sun_for_overflow | P16: 0 | R16: principle_support | T16: m111
A17: pr.excess_seeks_recipients | B17: избыток ищет адресатов | C17: principle | D17: both | E17: 1,1,1,4 | F17: 1,1,1,7 | G17: 4 | H17: 7 | I17: |p4|p5|p6|p7| | J17: seg.1.1.1.4, seg.1.1.1.5, seg.1.1.1.6, seg.1.1.1.7 | K17: de+ru+en | L17: distilled_principle | M17: 4 | N17: 1 | O17: ev.p5_6.need_hands_for_giving | P17: 3 | Q17: pr.descent_is_required_by_gift, pr.overflow_can_be_received, pr.wisdom_can_overfill | R17: principle_support, reasoning_bridge | T17: m113, m122, m123, m124
A18: pr.overflow_can_be_received | B18: избыток может быть принят | C18: principle | D18: from | E18: 1,1,1,4 | F18: 1,1,1,6 | G18: 4 | H18: 6 | I18: |p4|p5|p6| | J18: seg.1.1.1.4, seg.1.1.1.5, seg.1.1.1.6 | K18: de+ru+en | L18: distilled_principle | M18: 2 | N18: 1 | O18: ev.p4.receive_overflow_from_sun | P18: 1 | Q18: pr.excess_seeks_recipients | R18: principle_support, reasoning_bridge | T18: m110, m122
A19: pr.descent_is_required_by_gift | B19: дар требует нисхождения | C19: principle | D19: both | E19: 1,1,1,5 | F19: 1,1,1,8 | G19: 5 | H19: 8 | I19: |p5|p6|p7|p8| | J19: seg.1.1.1.5, seg.1.1.1.6, seg.1.1.1.7, seg.1.1.1.8 | K19: de+ru+en | L19: distilled_principle | M19: 3 | N19: 1 | O19: ev.p7.descend_into_depth | P19: 2 | Q19: pr.excess_seeks_recipients, pr.go_under_is_human_name | R19: principle_support, reasoning_bridge | S19: дар и катабасис сцеплены | T19: m115, m124, m125
A20: pr.gift_has_dual_mode | B20: дар идет в двух режимах | C20: principle | D20: from | E20: 1,1,1,6 | F20: 1,1,1,6 | G20: 6 | H20: 6 | I20: |p6| | J20: seg.1.1.1.6 | K20: de+ru+en | L20: distilled_principle | M20: 1 | N20: 1 | O20: ev.p6.bestow_and_distribute | P20: 0 | R20: principle_support | T20: m114
A21: pr.go_under_is_human_name | B21: закат есть человеческое имя нисхождения | C21: principle | D21: both | E21: 1,1,1,7 | F21: 1,1,1,8 | G21: 7 | H21: 8 | I21: |p7|p8| | J21: seg.1.1.1.7, seg.1.1.1.8 | K21: de+ru+en | L21: distilled_principle | M21: 2 | N21: 1 | O21: ev.p7_8.descent_named_as_go_under | P21: 1 | Q21: pr.descent_is_required_by_gift | R21: principle_support, reasoning_bridge | T21: m116, m125
A22: pr.reflected_light_can_be_carried | B22: отражённый свет может быть носим | C22: principle | D22: both | E22: 1,1,1,9 | F22: 1,1,1,11 | G22: 9 | H22: 11 | I22: |p9|p10|p11| | J22: seg.1.1.1.10, seg.1.1.1.11, seg.1.1.1.9 | K22: de+ru+en | L22: distilled_principle | M22: 3 | N22: 1 | O22: ev.p10.reflection_of_bliss_is_carried | P22: 2 | Q22: pr.return_as_action, pr.tranquil_vision_without_envy | R22: principle_support, reasoning_bridge | T22: m118, m126, m127
A23: pr.tranquil_vision_without_envy | B23: спокойное зрение без зависти | C23: principle | D23: from | E23: 1,1,1,9 | F23: 1,1,1,10 | G23: 9 | H23: 10 | I23: |p9|p10| | J23: seg.1.1.1.10, seg.1.1.1.9 | K23: de+ru+en | L23: distilled_principle | M23: 2 | N23: 1 | O23: st.p9.tranquil_eye_without_envy | P23: 1 | Q23: pr.reflected_light_can_be_carried | R23: principle_support, reasoning_bridge | T23: m117, m126
A24: pr.return_as_action | B24: возвращение как действие | C24: principle | D24: both | E24: 1,1,1,10 | F24: 1,1,1,12 | G24: 10 | H24: 12 | I24: |p10|p11|p12| | J24: seg.1.1.1.10, seg.1.1.1.11, seg.1.1.1.12 | K24: de+ru+en | L24: distilled_principle | M24: 3 | N24: 1 | O24: st.p11.zarathustra_wants_to_become_human_again | P24: 2 | Q24: pr.beginning_through_going_under, pr.reflected_light_can_be_carried | R24: principle_support, reasoning_bridge | S24: возвращение удерживается как акт | T24: m119, m127, m128
A25: pr.beginning_through_going_under | B25: начало через закат | C25: principle | D25: both | E25: 1,1,1,11 | F25: 1,1,1,12 | G25: 11 | H25: 12 | I25: |p11|p12| | J25: seg.1.1.1.11, seg.1.1.1.12 | K25: de+ru+en | L25: distilled_principle | M25: 2 | N25: 1 | O25: ev.p12.beginning_of_zarathustra_going_under | P25: 1 | Q25: pr.return_as_action | R25: principle_support, reasoning_bridge | T25: m120, m128

Sheet 20_predicates_registry
A1: Predicates registry (canonical + audit)
A2: Канонический реестр predicate_id с trailing audit-метриками из master.
A4: Источник | B4: Seed собран из листа 15_Master_связность_1_12. Это не канон, а стартовый черновик governance-слоя.
A5: Наблюдение | B5: Сейчас в master 53 уникальных predicate_id, из них 29 встречаются только один раз.
A6: Как использовать | B6: Сначала утвердить predicate_ru, затем указать inverse_predicate_id и allowed_from_classes/allowed_to_classes; helper cols справа только помогают аудиту.
A7: Что не делать | B7: Не плодить рядом близкие глаголы, пока реестр не сказал, что это правда новый predicate, а не оттенок старого.
A8: Связь с v6.1 | B8: Этот лист уже говорит каноническими headers; helper metrics вынесены вправо и не спорят с contract-слоем.
A11: predicate_id | B11: predicate_ru | C11: inverse_predicate_id | D11: allowed_from_classes | E11: allowed_to_classes | F11: status | G11: note | H11: count_in_master | I11: row_kinds
A12: addresses | B12: обращается к | D12: event | E12: cosmic_entity|solar-aspect | F12: seed | H12: 3 | I12: source_edge
A13: affects | B13: затрагивает | D13: event|state | E13: inner_center|subgroup | F13: seed | H13: 3 | I13: source_edge
A14: aims_at | B14: устремлено к | D14: state | E14: abundance|anthropic_state|state | F14: seed | H14: 3 | I14: source_edge
A15: asks_for | B15: просит | D15: event | E15: act | F15: seed | H15: 1 | I15: source_edge
A16: aspect_of | B16: является аспектом | D16: solar-aspect | E16: cosmic_entity | F16: seed | H16: 1 | I16: source_edge
A17: becomes_glad_of | B17: становится радостным о | D17: subgroup | E17: concept|concept-tension | F17: seed | H17: 2 | I17: source_edge
A18: beholds | B18: созерцает | D18: state | E18: quality | F18: seed | H18: 1 | I18: source_edge
A19: blesses | B19: благословляет | D19: event | E19: cosmic_entity | F19: seed | H19: 1 | I19: source_edge
A20: carries | B20: несёт | D20: event | E20: quality-substance|reflective_quality|substance | F20: seed | H20: 3 | I20: source_edge
A21: compares_state_to | B21: сравнивает состояние с | D21: analogy | E21: state | F21: seed | H21: 1 | I21: source_edge
A22: concerns | B22: касается | D22: event|state | E22: concept|hinge-term|quality|quality-substance|route | F22: seed | H22: 5 | I22: source_edge
A23: continues_until | B23: длится до | D23: event | E23: state | F23: seed | H23: 1 | I23: source_edge
... A64: uses_surface | B64: использует языковую поверхность | D64: event | E64: hinge-term | F64: seed | H64: 1 | I64: source_edge

Sheet 21_class_registry
A1: Class registry (canonical + audit)
A2: Канонический реестр class_id с trailing audit-метриками из master.
A4: Источник | B4: Seed собран из from_class и to_class листа 15_Master_связность_1_12.
A5: Наблюдение | B5: Сейчас в master 40 class labels. Часть из них явно устойчивые, часть просит parent/family и тест на почти-дубль.
A6: Как использовать | B6: Сначала закрепить family/parent_class, затем сверять helper cols count_as_* и source_side, чтобы ловить почти-дубли и перекосы.
A7: Что не делать | B7: Не создавать новые class labels без сверки с этим seed-реестром.
A8: Связь с v6.1 | B8: Этот лист уже говорит каноническими headers; helper metrics вынесены вправо и не спорят с contract-слоем.
A11: class_id | B11: family | C11: parent_class | D11: status | E11: note | F11: count_as_from | G11: count_as_to | H11: example_id | I11: source_side
A12: abundance | B12: graph_concept | D12: seed | F12: 0 | G12: 3 | H12: n.overflow | I12: =IF(AND(F12>0,G12>0),"from+to",IF(F12>0,"from_only",IF(G12>0,"to_only","unused")))
A13: act | B13: graph_entity | D13: seed | F13: 0 | G13: 1 | H13: n.blessing | I13: =IF(AND(F13>0,G13>0),"from+to",IF(F13>0,"from_only",IF(G13>0,"to_only","unused")))
A14: act-mode | B14: graph_entity | D14: seed | F14: 0 | G14: 2 | H14: n.bestowal | I14: =IF(AND(F14>0,G14>0),"from+to",IF(F14>0,"from_only",IF(G14>0,"to_only","unused")))
A15: analogy | B15: graph_dynamic | D15: seed | F15: 2 | G15: 0 | H15: ev.p5.bee_honey_analogy | I15: =IF(AND(F15>0,G15>0),"from+to",IF(F15>0,"from_only",IF(G15>0,"to_only","unused")))
A16: analogy-animal | B16: graph_entity | D16: seed | F16: 1 | G16: 1 | H16: n.bee | I16: =IF(AND(F16>0,G16>0),"from+to",IF(F16>0,"from_only",IF(G16>0,"to_only","unused")))
A17: animal-symbol | B17: graph_symbol | D17: seed | F17: 0 | G17: 2 | H17: n.eagle | I17: =IF(AND(F17>0,G17>0),"from+to",IF(F17>0,"from_only",IF(G17>0,"to_only","unused")))
A18: anthropic_state | B18: graph_concept | D18: seed | F18: 0 | G18: 1 | H18: n.human | I18: =IF(AND(F18>0,G18>0),"from+to",IF(F18>0,"from_only",IF(G18>0,"to_only","unused")))
A19: collective_subject | B19: graph_agent | D19: seed | F19: 6 | G19: 1 | H19: n.triad_zarathustra_eagle_serpent | I19: =IF(AND(F19>0,G19>0),"from+to",IF(F19>0,"from_only",IF(G19>0,"to_only","unused")))
A20: concept | B20: graph_concept | D20: seed | F20: 0 | G20: 2 | H20: n.wisdom | I20: =IF(AND(F20>0,G20>0),"from+to",IF(F20>0,"from_only",IF(G20>0,"to_only","unused")))
A21: concept-tension | B21: graph_concept | D21: seed | F21: 0 | G21: 1 | H21: n.folly | I21: =IF(AND(F21>0,G21>0),"from+to",IF(F21>0,"from_only",IF(G21>0,"to_only","unused")))
A22: cosmic_entity | B22: graph_entity | D22: seed | F22: 4 | G22: 6 | H22: n.sun | I22: =IF(AND(F22>0,G22>0),"from+to",IF(F22>0,"from_only",IF(G22>0,"to_only","unused")))
A23: destination-symbol | B23: graph_symbol | D23: seed | F23: 0 | G23: 1 | H23: n.depth | I23: =IF(AND(F23>0,G23>0),"from+to",IF(F23>0,"from_only",IF(G23>0,"to_only","unused")))
... A51: vessel-symbol | B51: graph_symbol | D51: seed | F51: 3 | G51: 2 | H51: n.cup | I51: =IF(AND(F51>0,G51>0),"from+to",IF(F51>0,"from_only",IF(G51>0,"to_only","unused")))

Sheet 22_Канон_контракт
A1: V6.1 канонический контракт ToS/KAG
A2: Единый договор полей, grains, PK/FK и правил хранения для v6.1.
A4: Главный ход | B4: Запереть один schema contract: canonical field names, row grain и PK/FK; проектная схема и подробные листы должны говорить одним языком.
A5: Authoring vs serving | B5: Авторинг живет в corpus_map / witnesses / segments / nodes / event_state_nodes / principles / edges / tensions / glosses. Master-листы только генерируются.
A6: Anchor-policy | B6: Один anchor contract везде, где есть диапазон: anchor_mode + anchor_start_secondary + optional anchor_end_secondary + anchor_segment_ids; single-anchor оставляет end пустым.
A7: Graph-policy | B7: Edges связывают не только node/es, но и principle_id; predicate_ru и class labels уезжают в реестры.
A8: Registry-policy | B8: Predicates_registry и class_registry становятся governance-слоем, чтобы не плодились почти-дубли и тихий enum drift.
A11: table_name | B11: row_grain | C11: primary_key | D11: foreign_keys | E11: required_fields | F11: optional_fields | G11: deprecated_or_derived | H11: serve_to_view | I11: migration_note
A12: corpus_map | B12: 1 строка = 1 адресуемое место корпуса | C12: corpus_row_id | D12: - | E12: corpus_row_id; work_id; part_no; chapter_no; subchapter_no; paragraph_no; source_secondary; sort_key | F12: title_ru; title_en; note | G12: order_in_book -> sort_key; part/chapter/subpart -> *_no | H12: master_view / coverage_view | I12: source_secondary остается внешним человеческим адресом, sort_key становится единственным порядком обхода
A13: witnesses | B13: 1 строка = 1 witness | C13: witness_id | D13: based_on -> witnesses.witness_id | E13: witness_id; language; witness_role; authority_level | F13: author_or_translator; edition_or_source; publication_year; based_on; normalization_note; active | G13: role -> witness_role; source_or_author распадается на author_or_translator + edition_or_source | H13: master_view | I13: enum witness_role фиксировать по одному словарю: canonical_source | working_translation | bridge_translation | agent_generated_witness
A14: segments | B14: 1 строка = 1 shared paragraph-aligned segment | C14: segment_id | D14: source_secondary -> corpus_map.source_secondary | E14: segment_id; source_secondary; paragraph_anchor; sort_key; witness_scope | F14: line_span; cluster_id; working_name; note | G14: paragraph_locator -> paragraph_anchor; title_ru -> working_name | H14: master_view / coverage_view | I14: segment spine обязан быть повторяемым при повторной разметке
A15: nodes | B15: 1 строка = 1 reusable meaning node | C15: node_id | D15: first_segment_id -> segments.segment_id; first_source_secondary -> corpus_map.source_secondary | E15: node_id; label_ru; node_class; layer; first_segment_id; first_source_secondary | F15: canonical_label; label_en; status; note | G15: first_anchor не использовать как canonical field | H15: master_view | I15: node first-anchor держать парой segment+secondary, пока не появится отдельный anchors registry
A16: event_state_nodes | B16: 1 строка = 1 event/state/composite node | C16: es_id | D16: anchor_segment_ids -> segments.segment_id | E16: es_id; kind; label_ru; anchor_mode; anchor_start_secondary; anchor_segment_ids | F16: anchor_end_secondary; subject_hint; es_class; repeatable; note | G16: anchors/core заменить на explicit anchor contract | H16: master_view | I16: single-anchor хранит пустой anchor_end_secondary; multi-anchor заполняет конец диапазона
A17: principles | B17: 1 строка = 1 distilled principle / claim node | C17: principle_id | D17: anchor_segment_ids -> segments.segment_id | E17: principle_id; layer; formula_ru; anchor_mode; anchor_start_secondary; anchor_segment_ids | F17: anchor_end_secondary; status; note | G17: supporting_ids уходит из base-table в explicit edges | H17: master_view | I17: principle становится полноправным graph node, а не мешком supporting_ids
A18: edges | B18: 1 строка = 1 normalized relation between graph ids | C18: edge_id | D18: from_id/to_id -> nodes|event_state_nodes|principles | E18: edge_id; edge_kind; from_id; predicate_id; to_id; layer; anchor_mode; anchor_start_secondary; anchor_segment_ids | F18: anchor_end_secondary; witness_scope; connectivity_role; confidence; note | G18: anchor_source_secondary -> anchor_start_secondary; segment_id -> anchor_segment_ids | H18: master_view / coverage_view | I18: edge_kind фиксировать: source_edge | bridge_edge | principle_edge; from/to разрешают principle_id
A19: translation_tensions | B19: 1 строка = 1 load-bearing drift cluster | C19: tension_id | D19: anchor_segment_ids -> segments.segment_id; witness_ids -> witnesses.witness_id | E19: tension_id; normalized_core; anchor_mode; anchor_start_secondary; anchor_segment_ids; why_load_bearing | F19: anchor_end_secondary; witness_ids; decision_status; preferred_handling; note | G19: concept_kernel / normalized_kernel -> normalized_core; surfaces не хранить wide-моделью | H19: master_view (selective) | I19: surface DE/RU/EN лучше вытягивать из linked gloss rows, а не держать как обязательный wide bundle
A20: witness_glosses | B20: 1 строка = 1 witness-specific lexical surface | C20: gloss_id | D20: witness_id -> witnesses.witness_id; segment_id -> segments.segment_id; tension_id -> translation_tensions.tension_id | E20: gloss_id; witness_id; segment_id; source_secondary; token_or_phrase; normalized_core | F20: tension_id; gloss_note; status | G20: wide-модель DE/RU/EN депрецировать | H20: translation_tensions (via links) | I20: glosses остаются long-model слоем и могут группироваться через tension_id
A21: predicates_registry | B21: 1 строка = 1 predicate definition | C21: predicate_id | D21: used by edges.predicate_id | E21: predicate_id; predicate_ru | F21: inverse_predicate_id; allowed_from_classes; allowed_to_classes; status; note | G21: predicate_ru не хранить как canonical field в edges | H21: master_view | I21: registry нужен; helper metrics можно держать trailing audit-columns, но canonical headers идут первыми
A22: class_registry | B22: 1 строка = 1 graph class definition | C22: class_id | D22: used by nodes.node_class and serving views | E22: class_id | F22: family; parent_class; status; note | G22: class labels не плодить локально в master | H22: master_view | I22: registry нужен; helper metrics можно держать trailing audit-columns, но canonical headers идут первыми
... A24: coverage_view | B24: 1 строка = 1 paragraph coverage slice | C24: paragraph_anchor (generated) | D24: join to master_view | E24: generated from master_view | F24: counts by row_kind/layer/connectivity_role | G24: fixed ranges A12:A139 etc. заменить на dynamic refs | H24: - | I24: лист аудита должен переживать рост без ручной правки диапазонов

Sheet 23_Audit_patch_list
A1: V6.1 patch-list по листам
A2: Точечные правки для перехода от v6 к v6.1 без потери пилота [1]-[12].
A4: Ритм миграции | B4: Сначала P0: имена полей, layer enum, edges/principles contract. Потом P1: registries и serving split. Потом P2: ops-поля и ergonomics.
A5: Что не делать | B5: Не переносить знание руками из Master обратно в базу без явной миграционной таблицы; сначала определить canonical fields, потом только переливать данные.
A6: Минимальный успех | B6: После P0 можно честно авторить новые абзацы уже без contract drift; после P1 master собирается как view, а не как скрытая truth-table.
A7: Самый опасный узел | B7: Edges + principles + anchors. Именно там сейчас разрыв между схемой-описанием и реально работающим master-графом.
A8: Граница v6.1 | B8: Это audit-log и patch pack: мы не ломаем текущий пилот, а делаем его чище, переносимее и удобнее для authoring.
A11: priority | B11: sheet_or_object | C11: patch_type | D11: old_name | E11: new_name | F11: exact_patch | G11: why | H11: migration_rule | I11: status
A12: P0 | B12: 01_Ключи | C12: add | D12: - | E12: anchor contract | F12: Добавить ключи: edge_kind, anchor_mode, anchor_start_secondary, anchor_end_secondary, anchor_segment_ids, connectivity_role. | G12: Сейчас словарь ключей не держит самые важные поля master-слоя. | H12: Сначала обновить словарь, потом остальные листы. | I12: applied_v6
A13: P0 | B13: 00_Обзор | C13: rewrite | D13: base package | E13: base + governance | F13: В обзор вынести, что predicates_registry и class_registry нужны уже во второй итерации, а master-листы являются serving-слоем. | G13: Сейчас обзор описывает рост таблиц, но не закрепляет governance. | H13: Обновить 2-3 строки без изменения общей логики волн. | I13: applied_v6
A14: P0 | B14: 13_Проектная_схема / corpus_map | C14: rename | D14: order_in_book | E14: sort_key | F14: В проектной схеме заменить order_in_book на sort_key. | G14: order_in_book и sort_key делают одну работу и плодят дрейф. | H14: Оставить sort_key как единственный порядок обхода. | I14: applied_v6
A15: P0 | B15: 13_Проектная_схема / corpus_map | C15: rename | D15: part; chapter; subpart | E15: part_no; chapter_no; subchapter_no | F15: Числовые уровни адреса держать с *_no. | G15: Без *_no непонятно, это номер, slug или label. | H15: Переименовать в проектной схеме и во всех примерах. | I15: applied_v6
A16: P0 | B16: 13_Проектная_схема / corpus_map | C16: add | D16: - | E16: work_id; paragraph_no | F16: Вернуть два пропавших поля в canonical contract corpus_map. | G16: Иначе corpus_map не выражает полную адресную декомпозицию. | H16: Добавить в required_fields и в пример строки. | I16: applied_v6
A17: P0 | B17: 03_witnesses + 13_Проектная_схема | C17: rename | D17: role | E17: witness_role | F17: Сделать имя поля специфичным к сущности witness. | G17: Голое role потом конфликтует с role_in_reasoning и другими ролями. | H17: В 03 и 13 использовать только witness_role. | I17: applied_v6
A18: P0 | B18: 03_witnesses + 13_Проектная_схема | C18: split | D18: source_or_author | E18: author_or_translator + edition_or_source | F18: Не сжимать ответственного человека и источник публикации в одно поле. | G18: Это два разных provenance-слоя. | H18: В проектной схеме развернуть в два поля; старое поле считать deprecated. | I18: applied_v6
A19: P0 | B19: 03_witnesses + 13_Проектная_схема | C19: rename | D19: year | E19: publication_year | F19: Сделать имя поля темпорально однозначным. | G19: year слишком голое и легко путается с working year / review year. | H19: Во всех описаниях и примерах использовать publication_year. | I19: applied_v6
A20: P0 | B20: 03_witnesses + examples | C20: normalize enum | D20: human_translation_witness | E20: working_translation | F20: Примеры в 13-м листе и реестр enum-значений привести к одному словарю. | G20: Сейчас пример enum не совпадает с подробной схемой. | H20: Зафиксировать один словарь: canonical_source | working_translation | bridge_translation | agent_generated_witness. | I20: applied_v6
A21: P0 | B21: 04_segments + 13_Проектная_схема | C21: rename | D21: paragraph_locator | E21: paragraph_anchor | F21: Для [n] использовать один anchor-термин. | G21: locator и anchor здесь делают одну работу. | H21: Переименовать в 04 и 13; в примерах оставить [n]. | I21: applied_v6
A22: P0 | B22: 04_segments + 13_Проектная_схема | C22: add | D22: - | E22: sort_key | F22: Вернуть обязательный порядок обхода в segments. | G22: Без sort_key поздние joins начинают опираться на source_secondary как на псевдо-порядок. | H22: Добавить в required_fields и пример строки. | I22: applied_v6
... A48: P2 | B48: 15_Master / 16_Coverage | C48: growth buffer | D48: fixed table refs | E48: carry forward | F48: Table refs у serving sheets частично остаются фиксированными; это вынесено в следующий ход, чтобы не раздувать blank ranges и не ломать текущий обзор. | G48: Лучше честный carry-forward, чем шумная псевдо-динамика. | H48: Вернуться после решения по generated row buffers. | I48: carry_forward_v6.1
